cluster_final,coc_number,coc_name,Total_Year_Round_Beds,density,weighted_income,weighted_estimate_median_gross_rent,rent_pct_income,land_area,estimated_pop_2018,total_homeless,homeless_individuals,homeless_people_in_families
1,CA-501,San Francisco CoC,2759,18141.2844,16184,1880,1.393969352,46.87,883305,6857,6211,646
1,NJ-506,Jersey City/Bayonne/Hudson County CoC,377,14473.39251,13431,1419,1.267813268,46.19,676061,860,672,188
1,PA-500,Philadelphia CoC,5324,11632.64728,7708,1032,1.606642449,134.1,1584138,5788,3589,2199
1,DC-500,District of Columbia CoC,7402,10794.57821,10777,1516,1.688039343,61.05,702455,6904,3770,3134
1,MD-501,Baltimore City CoC,2429,7672.349889,7753,1057,1.636011866,80.94,602495,2508,2117,391
1,NJ-504,Newark/Essex County CoC,1905,6279.898582,10947,1187,1.301178405,126.21,799767,2228,1367,861
1,NJ-501,Bergen County CoC,368,3992.575426,19952,1459,0.877506014,233.01,936692,354,223,131
1,WI-501,Milwaukee City & County CoC,1106,3957.357084,10331,861,1.000096796,241.4,948201,871,658,213
1,FL-502,St. Petersburg/Clearwater/Largo/Pinellas County CoC,2047,3431.512053,12598,1119,1.065883474,273.8,975280,2612,2253,359
1,VA-601,Fairfax County CoC,760,2911.575741,30148,1851,0.736765291,397.21,1150795,987,499,488
1,IL-514,DuPage County CoC,351,2860.831335,20067,1178,0.704440126,325.26,930514,295,171,124
1,GA-508,DeKalb County CoC,341,2778.254529,11900,1018,1.026554622,260.56,723902,321,170,151
1,OH-502,Cleveland/Cuyahoga County CoC,1603,2753.144207,9284,795,1.027574321,457.19,1243857,1808,1377,431
1,NJ-507,New Brunswick/Middlesex County CoC,224,2692.861999,19844,1467,0.887119532,308.91,829685,597,355,242
1,MA-516,Massachusetts Balance of State CoC,1626,2358.399882,15093.5,1592.5,1.266107927,473.34,1512640,2296,645,1651
1,IN-503,Indianapolis CoC,1750,2352.112036,10559,882,1.002367648,396.3,954670,1682,1299,383
1,OH-503,Columbus/Franklin County CoC,1229,2315.184427,14161,965,0.81773886,532.19,1310300,1807,1241,566
1,NY-604,Yonkers/Mount Vernon/New Rochelle/Westchester CoC,1820,2251.40302,17442,1483,1.020295838,430.5,967612,1827,611,1216
1,MN-500,Minneapolis/Hennepin County CoC,2894,2184.405426,16761,1139,0.815464471,553.59,1259428,3013,1692,1321
1,GA-506,Marietta/Cobb County CoC,285,2145.156825,21019,1236,0.705647272,339.55,756865,384,245,139
1,MD-601,Montgomery County CoC,510,2089.304835,24790,1746,0.845179508,491.25,1052567,840,568,272
1,KY-501,Louisville/Jefferson County CoC,917,1997.0664,12335,874,0.850263478,380.42,770517,926,703,223
1,OH-500,Cincinnati/Hamilton County CoC,971,1985.57562,11401,803,0.845189019,405.91,816684,1114,831,283
1,MO-500,St. Louis County CoC,411,1970.38204,15758,966,0.735626349,507.8,996945,450,258,192
1,NC-505,Charlotte/Mecklenberg CoC,1187,1931.45617,16286,1162,0.856195505,523.84,1093901,1668,1133,535
1,MD-600,Prince George`s County/Maryland CoC,389,1859.771282,21484,1459,0.814932042,482.69,909308,478,205,273
1,OR-501,Portland-Gresham-Multnomah County CoC,2562,1804.296313,14907,1280,1.030388408,431.3,811880,4019,3394,625
1,MI-503,St. Clair Shores/Warren/Macomb County CoC,306,1793.963107,15777,933,0.709640616,479.22,874759,270,197,73
1,LA-503,New Orleans/Jefferson Parish CoC,1053,1759.221589,9123,970,1.275896087,465.05,825057,1188,1057,131
1,PA-504,Lower Marion/Norristown/Abington/Montgomery County CoC,289,1689.044386,21747,1257,0.693612912,483.04,828604,291,141,150
1,PA-600,Pittsburgh/McKeesport/Penn Hills/Allegheny County CoC,1092,1685.263057,12631,880,0.836038318,730.07,1218452,783,509,274
1,CA-512,Daly/San Mateo County CoC,637,1683.164961,25039,2389,1.144933903,448.41,769545,1238,811,427
1,HI-501,Honolulu CoC,3216,1642.972001,20074,1726,1.031782405,600.74,980080,4495,2905,1590
1,IL-502,Waukegan/North Chicago/Lake County CoC,228,1584.263078,19003,1199,0.757143609,443.67,700832,277,161,116
1,CA-505,Richmond/Contra Costa County CoC,677,1547.510965,22513,1827,0.973837338,715.94,1150215,2234,1955,279
1,CA-503,Sacramento City & County CoC,1431,1533.52546,14704,1300,1.0609358,964.64,1540975,3621,3104,517
1,CT-503,Bridgeport/Norwalk /Stamford/Fairfield County CoC,755,1506.854006,17432,1439,0.990592015,624.89,943823,741,432,309
1,UT-500,Salt Lake City & County CoC,1711,1471.840815,20039,1140,0.682668796,742.28,1152633,1804,1184,620
1,MI-504,Pontiac/Royal Oak/Oakland County CoC,269,1423.616394,17622,1033,0.703438883,867.66,1259201,427,293,134
1,MD-505,Baltimore County CoC,450,1380.020057,17743,1255,0.848785437,598.3,828431,758,429,329
1,NJ-508,Monmouth County CoC,246,1338.620704,20398,1402,0.824786744,468.79,621354,335,187,148
1,TN-504,Nashville/Davidson County CoC,1783,1325.089776,14696,1121,0.915351116,504.03,692587,2298,2103,195
1,GA-502,Fulton County Continuum of Care,264,1308.951311,14086,1230,1.047848928,400.5,1050114,222,115,107
1,FL-501,Tampa/Hillsborough County CoC,1108,1296.849668,13189,1161,1.056334824,1020.21,1436888,1795,1193,602
1,MA-510,"Gloucester, Haverhill, Salem/Essex County CoC",693,1255.987702,14724,1278,1.041564792,474.89,790638,732,240,492
1,TN-501,Memphis/Shelby County CoC,1524,1227.760525,8814,902,1.22804629,763.17,935764,1226,878,348
1,KS-505,Overland Park/Shawnee/Johnson County CoC,161,1209.261254,22279,1109,0.597333812,473.37,597555,168,64,104
1,NC-507,Raleigh/Wake County CoC,736,1195.584397,20699,1164,0.674815208,835.22,1092305,983,665,318
1,TX-503,Austin/Travis County CoC,1309,1159.539487,16776,1321,0.944921316,990.2,1248743,2147,1595,552
1,NY-500,Rochester/Irondequoit/Greece/Monroe County CoC,637,1140.025258,12257,919,0.899730766,657.21,742474,835,543,292
1,MO-604,"Kansas City, Independence, Lee's Summit/Jackson, Wyandotte Counties CoC",1831,1118.191678,12062,915,0.9102968,756.06,865631,1798,1200,598
1,OK-501,Tulsa City & County/Broken Arrow CoC,848,1104.468216,12967,858,0.794015578,570.25,648360,1083,876,207
1,OK-502,Oklahoma City CoC,1357,1078.832426,12674,883,0.836042291,708.82,792582,1183,940,243
1,PA-511,Bristol/Bensalem/Bucks County CoC,467,1036.256226,22319,1267,0.681213316,604.31,628195,397,194,203
1,RI-500,Rhode Island Statewide CoC,1069,1020.004643,16765.75,1104.25,0.790361302,1033.81,1008666,1101,747,354
2,NJ-510,Lakewood Township/Ocean County CoC,127,932.2274882,17176,1435,1.002561714,628.78,601651,354,193,161
2,FL-603,Ft Myers/Cape Coral/Lee County CoC,286,868.0195281,13123,1190,1.088165816,784.51,754610,728,423,305
2,NJ-503,"Camden City/Camden, Cumberland, Gloucester, Cape May Counties CoC",795,824.1452139,15187,1133.75,0.895831962,1278.39,1042018,999,705,294
2,TX-603,El Paso City & County CoC,1259,823.1462738,9793,801,0.98151741,1012.69,840758,892,572,320
2,OR-506,Hillsboro/Beaverton/Washington County CoC,248,778.8796377,22480,1386,0.739857651,724.23,597695,522,407,115
2,MI-506,Grand Rapids/Wyoming/Kent County CoC,794,743.0804652,15769,893,0.679561164,846.95,653786,723,449,274
2,FL-605,West Palm Beach/Palm Beach County CoC,642,710.1154455,13640,1369,1.204398827,1969.76,1485941,1309,964,345
2,MN-503,"Dakota, Anoka, Washington, Scott, Carver Counties",422,595.1289977,26043,1166.8,0.537633913,2080.27,1289369,625,345,280
2,FL-510,"Jacksonville-Duval, Clay Counties CoC",1568,584.7701706,14219,1041,0.878542795,2015.19,1252085,1794,1410,384
2,FL-500,"Sarasota/Bradenton/Manatee, Sarasota Counties CoC",988,578.5509701,15498,1272.5,0.985288424,1298.8,821573,1192,954,238
2,FL-513,Palm Bay/Melbourne/Brevard County CoC,735,552.0380836,14167,1074,0.909719771,1015.66,596849,734,521,213
2,IL-506,Joliet/Bolingbrook/Will County CoC,314,544.1334611,25843.5,1357.5,0.630332579,1575.29,820225,341,181,160
2,MA-506,Worcester City & County CoC,1454,538.5260496,15213,1068,0.842437389,1510.77,830839,1852,764,1088
2,NE-501,Omaha/Council Bluffs CoC,1301,532.9777561,16674.66667,915.3333333,0.658723812,1517.72,844872,1411,1122,289
2,CA-511,Stockton/San Joaquin County CoC,1123,513.7998448,15063,1243,0.990240988,1391.32,752660,1685,1054,631
3,WA-503,Tacoma/Lakewood/Pierce County CoC,900,498.8864996,20233,1299,0.770424554,1669.51,891299,1628,1224,404
3,VA-500,"Richmond/Henrico, Chesterfield, Hanover Counties CoC",668,495.4537305,21288.66667,1145.75,0.645836595,2119.54,1013839,609,485,124
3,DE-500,Delaware Statewide CoC,1143,479.6874599,14236.66667,1075,0.906110981,1948.55,967171,1082,708,374
3,CA-611,Oxnard/San Buenaventura/Ventura County CoC,372,457.4338218,20159,1747,1.039932536,1843.13,850967,1308,1109,199
3,NY-508,"Buffalo, Niagara Falls/Erie, Niagara, Orleans, Genesee, Wyoming Counties CoC",1083,420.030572,11842.5,760,0.770107663,3042,1130152,957,612,345
3,FL-504,"Daytona Beach/Daytona/Volusia, Flagler Counties CoC",449,386.843283,12928,1095,1.016398515,1586.49,659605,683,484,199
3,AL-500,"Birmingham/Jefferson, St. Clair, Shelby Counties CoC",986,376.4167698,14010.66667,933.3333333,0.79939094,2528.11,963697,901,720,181
3,FL-509,"Fort Pierce/St. Lucie, Indian River, Martin Counties CoC",220,365.8682783,13742,1134,0.990248872,1618.26,639453,1542,854,688
3,WA-504,Everett/Snohomish County CoC,581,363.4647171,22626,1525,0.808804031,2087.27,814901,858,612,246
3,FL-503,Lakeland/Winter Haven/Polk County CoC,524,354.6984159,12312,961,0.936647173,1797.84,708009,552,354,198
3,CO-504,Colorado Springs/El Paso County CoC,966,312.7567237,16928,1194,0.846408318,2126.8,713856,1551,1146,405
3,FL-520,"Citrus, Hernando, Lake, Sumter Counties CoC",398,294.7077238,12610,943.5,0.897858842,2539.55,824043,711,426,285
3,NY-505,"Syracuse, Auburn/Onondaga, Oswego, Cayuga Counties CoC",810,275.5783319,12897.33333,793,0.737826941,2421.62,656852,722,540,182
3,AL-501,Mobile City & County/Baldwin County CoC,526,217.7201495,12231,940.5,0.922737307,2819.22,631779,551,399,152
3,SC-501,Greenville/Anderson/Spartanburg Upstate CoC,1015,200.7022483,11011.28571,772.1428571,0.841474332,7309.38,1369629,1185,916,269
3,SC-500,Charleston/Low Country CoC,377,181.9209112,15217.5,1212,0.955741745,5436.17,976358,451,357,94
3,SC-502,Columbia/Midlands CoC,1031,160.7157116,12299.71429,858.5714286,0.837650119,9217.4,1401033,1205,954,251
3,CA-514,Fresno/Madera County CoC,560,137.9268344,13296,971.5,0.876805054,8095.06,1152072,2144,1886,258
3,TN-503,Central Tennessee CoC,354,126.3430037,18958.8,1048.6,0.663712893,8896.29,790180,268,185,83
3,UT-504,Provo/Mountainland CoC,157,124.9502045,21966,1058,0.577984157,5050.66,622213,173,115,58
3,NH-500,New Hampshire Balance of State CoC,689,114.2269371,17065.6,1052.2,0.739874367,8076.51,756677,742,467,275
3,PA-601,Western Pennsylvania CoC,1187,113.7675964,12953.5,702.6,0.650882001,15230.4,1387368,748,471,277
3,SC-503,Myrtle Beach/Sumter City & County CoC,508,110.8037284,10873,780.75,0.86167571,8097.76,655620,1092,855,237
3,AZ-501,Tucson/Pima County CoC,1299,109.2123252,12381,887,0.859704386,9187.04,1039073,1380,1079,301
3,CA-604,Bakersfield/Kern County CoC,681,107.1502179,11048,974,1.057929037,8131.92,896764,885,715,170
3,LA-509,Louisiana Balance of State CoC,694,99.10037391,12385.66667,873.3333333,0.846139354,11165.75,209136,575,526,49
3,LA-509,Louisiana Balance of State CoC,694,99.10037391,12385.66667,873.3333333,0.846139354,11165.75,768740,575,526,49
3,CA-513,"Visalia, Kings, Tulare Counties CoC",459,97.53236031,12086.5,994,0.986886195,6213.63,617227,967,823,144
3,KY-500,Kentucky Balance of State CoC,1624,86.05209641,14971.09091,825.7272727,0.661857398,38822.25,1110384,2077,1452,625
3,MI-500,Michigan Balance of State CoC,1451,58.36619777,14165.9,749.1,0.634566106,40991.62,999499,1343,719,624
3,AL-507,Alabama Balance of State CoC,461,47.01851256,9063.833333,682.5,0.903591196,31646.62,591753,730,523,207
3,MO-606,Missouri Balance of State CoC,1545,46.94834248,16729.88889,818.8888889,0.587371903,61595.87,1184567,1345,872,473
3,IA-501,Iowa Balance of State CoC,2295,45.8767875,13832.71429,847.1428571,0.734903799,53443.28,967999,1721,927,794
3,ME-500,Maine Balance of State CoC,2457,40.94898957,12871,814,0.758915391,30842.91,947755,2516,1450,1066
3,OR-505,Oregon Balance of State CoC,2575,18.74663846,12720,937.2222222,0.884171908,77847.45,1101385,6392,4419,1973
3,CO-500,Colorado Balance of State CoC,1748,17.35209116,14282.25,1012,0.850286194,97032.57,985559,3989,2546,1443
3,AZ-500,Arizona Balance of State CoC,1052,17.19087407,10673.375,852.125,0.958038109,95206.91,1552696,2187,1638,549
3,UT-503,Utah Balance of State CoC,886,16.03668137,18805.6,935.8,0.597141277,76376.65,976747,899,605,294
3,ID-501,Idaho Balance of State,920,14.82628628,14129.4,829,0.704063867,81590.56,675077,1256,684,572
3,NM-501,New Mexico Balance of State CoC,992,12.57853783,11101.625,892.375,0.964588517,121110.42,1376516,1211,834,377
3,TX-607,Texas Balance of State (BoS) CoC,4643,48.64244006,13932.975,963.05,0.829442384,226055.58,8484825,7638,5767,1871
4,VA-603,City of Alexandria CoC,213,10078.04391,22915,1736,0.909098844,15.03,160530,226,142,84
4,VA-600,Arlington County CoC,214,8569.503039,29066,1924,0.794330145,27.97,237521,221,144,77
4,NJ-515,Elizabeth/Union County CoC,344,5351.832766,18891,1306,0.829601397,102.85,558067,478,209,269
4,MO-501,St.Louis City CoC,1338,5104.668067,6504,830,1.531365314,61.91,302838,949,619,330
4,MN-501,Saint Paul/Ramsey County CoC,1487,3492.070166,14410,981,0.816932686,152.21,550210,1424,886,538
4,PA-502,Upper Darby/Chester/Haverford/Delaware County CoC,436,3058.724978,17070,1026,0.721265378,183.84,564751,414,234,180
4,VA-507,Portsmouth CoC,84,2855.007429,10723,1057,1.182877926,33.65,94632,135,84,51
4,NJ-511,Paterson/Passaic County CoC,526,2747.732813,14745,1281,1.042522889,184.59,503310,434,284,150
4,NY-606,Rockland County CoC,88,1859.072313,17267,1469,1.020906932,173.55,325695,180,145,35
4,VA-503,Virginia Beach CoC,248,1806.011565,19530,1344,0.825806452,249.02,450189,243,198,45
4,NJ-514,Trenton/Mercer County CoC,402,1652.569469,14828,1264,1.022929593,224.56,369811,479,337,142
4,VA-604,Prince William County CoC,356,1435.182478,30709,1658,0.647888241,348.81,468011,374,192,182
4,MD-503,Annapolis/Anne Arundel County CoC,173,1349.088937,25336,1595,0.755446795,414.9,576031,366,266,100
4,OH-506,Akron/Barberton/Summit County CoC,477,1311.622047,13790,795,0.691805656,412.75,541918,587,462,125
4,OH-501,Toledo/Lucas County CoC,823,1275.597019,8893,743,1.002586304,340.86,429899,662,403,259
4,IA-502,Des Moines/Polk County CoC,670,1251.296679,18009,883,0.58837248,590.74,487204,764,612,152
4,VA-505,Newport News/Hampton/Virginia Peninsula CoC,388,1236.391953,19714,1192.25,0.725727909,391.68,457182,439,316,123
4,MD-504,Howard County CoC,98,1230.146766,29774,1657,0.667830993,250.74,323196,168,91,77
4,OH-505,Dayton/Kettering/Montgomery County CoC,540,1154.286643,11019,784,0.853797985,461.55,532331,680,566,114
4,NJ-513,Somerset County CoC,294,1098.98943,25780,1624,0.755934833,301.81,331164,218,152,66
4,KY-502,Lexington/Fayette County CoC,999,1098.286621,14767,915,0.743549807,283.65,323780,685,580,105
4,NJ-509,Morris County CoC,294,1082.65244,27217,1591,0.701473344,460.18,494228,398,249,149
4,NC-502,Durham City & County CoC,319,1030.204909,15096,1047,0.83227345,285.98,316739,338,246,92
4,GA-503,Athens/Clarke County CoC,148,1023.800336,7410,844,1.366801619,119.2,127330,212,128,84
4,IL-517,Aurora/Elgin/Kane County CoC,406,1012.604315,20444,1155,0.677949521,520.06,534216,430,318,112
4,IL-511,Cook County CoC,483,3503.926716,12749,1113,1.047611577,719.94,5180493,873,559,314
4,TX-600,Dallas City & County/Irving CoC,3384,1985.218686,19475.5,1258,0.775127725,1712.5,3642918,4121,3187,934
4,TX-700,"Houston, Pasadena, Conroe/Harris, Ft. Bend, Montgomery, Counties CoC",3192,1562.890628,18537.33333,1230,0.796231029,3606.69,6077402,4143,3162,981
4,CA-601,San Diego City and County CoC,3722,773.3877237,17724,1668,1.129316181,4206.63,3343364,8576,7063,1513
4,AZ-502,Phoenix/Mesa/Maricopa County Regional CoC,3529,444.4007374,16390,1119,0.819280049,9200.14,4410824,6298,4542,1756
5,MA-511,Quincy/Brockton/Weymouth/Plymouth City and County CoC,971,947.8323032,17839,1296,0.871797747,692.44,518132,1090,335,755
5,NC-500,Winston Salem/Forsyth County CoC,467,893.5219895,11408,789,0.829943899,408.15,379099,440,351,89
5,TN-502,Knoxville/Knox County CoC,706,881.8307032,12700,878,0.829606299,508.22,465289,743,674,69
5,NC-504,Greensboro/High Point CoC,517,792.6513861,12109,872,0.864150632,645.7,533670,657,480,177
5,MA-504,Springfield/Hampden County CoC,2417,758.4535114,10559,885,1.005777062,617.14,470406,3368,457,2911
5,NY-507,Schenectady City & County CoC,180,757.1142187,13495,972,0.864320119,204.52,155350,393,214,179
5,MA-519,Attleboro/Taunton/Bristol County CoC,225,741.8565114,14305,895,0.750786438,499.97,564022,208,82,126
5,WA-508,Vancouver/Clark County CoC,449,716.8410175,20201,1340,0.796000198,629,481857,795,453,342
5,VA-602,Loudoun County CoC,94,702.9928621,38476,1837,0.572928579,515.56,406850,134,86,48
5,PA-505,Chester County CoC,533,682.2400767,23932,1272,0.63780712,750.51,522046,579,365,214
5,GA-507,Savannah/Chatham County CoC,699,662.7262921,12663,1060,1.004501303,426.44,289195,1009,875,134
5,FL-519,Pasco County CoC,220,653.7910536,13164,1075,0.979945305,746.89,539630,2668,829,1839
5,OH-508,Canton/Massillon/Alliance/Stark County CoC,328,651.4540998,12506,720,0.690868383,575.27,371574,278,145,133
5,MI-505,Flint/Genesee County CoC,306,648.5132971,10767,747,0.832543884,636.98,406892,438,285,153
5,GA-504,Augusta-Richmond County CoC,225,621.0279653,8661,870,1.205403533,324.33,201554,269,238,31
5,CA-508,Watsonville/Santa Cruz City & County CoC,482,608.6012085,16467,1685,1.227910366,445.17,274255,2320,1911,409
5,NY-503,Albany City & County CoC,478,588.9269319,14582,993,0.817171856,522.8,307117,835,580,255
5,WI-502,Racine City & County CoC,258,586.0842105,12949,847,0.784925477,332.5,196584,275,176,99
5,MD-502,Harford County CoC,143,571.4521037,20857,1221,0.702497962,437.09,253956,190,100,90
5,OH-504,Youngstown/Mahoning County CoC,272,566.0925125,11268,659,0.701810437,411.62,229642,180,95,85
5,PA-510,Lancaster City & County CoC,419,564.8488573,17451,975,0.670448685,943.81,543557,406,226,180
5,NJ-502,Burlington County CoC,444,563.7957374,22663,1313,0.695230111,798.58,445384,840,457,383
5,CA-518,Vallejo/Solano County CoC,366,522.7755062,21780,1633,0.899724518,821.76,446610,1129,1052,77
5,PA-501,Harrisburg/Dauphin County CoC,420,517.9735263,14346,920,0.769552488,525.05,277097,445,260,185
5,MI-508,Lansing/East Lansing/Ingham County CoC,342,511.6863267,11097,868,0.938632063,556.12,292735,419,294,125
5,KS-502,Wichita/Sedgwick County CoC,581,509.4896292,13455,788,0.702787068,997.51,513607,573,421,152
5,IL-500,McHenry County CoC,130,509.1151748,20850,1100,0.633093525,603.17,307083,179,124,55
5,MI-509,Ann Arbor/Washtenaw County CoC,227,507.2198535,12067,1116,1.109803597,705.97,370963,282,210,72
5,OK-504,Norman/Cleveland County CoC,72,504.5158416,15208,895,0.706207259,538.77,281669,364,331,33
6,NC-511,Fayetteville/Cumberland County CoC,185,499.5186338,10934,926,1.016279495,652.31,332330,372,142,230
6,CA-507,Marin County CoC,349,498.4682209,25405,2167,1.023578036,520.31,259666,1095,920,175
6,NJ-500,Atlantic City & County CoC,351,493.1185892,13934,1063,0.91545859,555.7,265429,437,401,36
6,MI-519,Holland/Ottawa County CoC,359,490.8566561,20878,871,0.500622665,563.47,290494,226,133,93
6,PA-512,York City & County CoC,400,487.2967772,16442,930,0.678749544,904.18,448273,324,167,157
6,PA-506,Reading/Berks County CoC,488,483.4701288,15835,909,0.688853805,856.51,420152,562,406,156
6,TN-510,Murfreesboro/Rutherford County CoC,269,468.6918755,19061,1064,0.669849431,619.36,324890,283,229,54
6,PA-508,Scranton/Lackawanna County CoC,171,463.9844907,12487,797,0.765916553,459.08,210793,159,100,59
6,NY-602,Newburgh/Middletown/Orange County CoC,279,463.5291799,16039,1243,0.929983166,811.69,381951,480,229,251
6,MI-507,Portage/Kalamazoo City & County CoC,601,460.4297974,13743,818,0.71425453,561.66,264870,567,343,224
6,MA-503,Cape Cod/Islands CoC,301,447.5292468,18016,1232,0.820603908,541.94,213413,358,174,184
6,WI-503,Madison/Dane County CoC,569,431.6745181,18772,1097,0.701257192,1197.24,542364,614,409,205
6,IL-501,"Rockford/Winnebago, Boone Counties CoC",293,431.3822285,12684,797,0.754020814,794.08,284081,256,169,87
6,ID-500,Boise/Ada County CoC,771,404.5279219,15136,991,0.785676533,1052.58,469966,756,613,143
6,IL-508,East Saint Louis/Belleville/Saint Clair County CoC,175,403.7475675,11317,845,0.895997172,657.76,261059,250,124,126
6,PA-603,Beaver County CoC,134,389.2365025,13217,657,0.596504502,434.71,164742,117,67,50
6,NC-501,Asheville/Buncombe County CoC,494,380.8792849,14451,973,0.807971767,656.67,259103,554,515,39
6,MD-506,Carroll County CoC,112,374.3046091,20395,1062,0.624859034,447.59,168429,173,100,73
6,IL-504,Madison County CoC,173,372.7871098,13547,816,0.72281686,715.58,264461,146,88,58
6,NY-601,Poughkeepsie/Dutchess County CoC,408,371.9128238,15443,1229,0.954995791,795.63,293718,399,226,173
6,MD-509,Frederick City & County CoC,282,368.7634425,24851,1443,0.696792886,660.22,255648,316,207,109
6,VA-501,"Norfolk/Chesapeake/Suffolk/Isle of Wright, Southampton Counties CoC",597,365.9439481,13704.42635,1147.666667,1.00493079,1718.05,577895,773,562,211
6,FL-512,Saint Johns County CoC,190,363.5367762,19109,1200,0.753571615,600.66,254261,342,219,123
6,PA-503,Wilkes-Barre/Hazleton/Luzerne County CoC,229,358.2008918,11478,789,0.824882384,890.33,317646,165,95,70
6,CA-510,Turlock/Modesto/Stanislaus County CoC,843,354.930661,14380,1158,0.966342142,1494.83,549815,1356,1080,276
6,NC-513,Chapel Hill/Orange County CoC,91,351.3091768,14498,1093,0.904676507,397.96,146027,152,120,32
6,PA-605,Erie City & County CoC,401,349.2873678,11817,761,0.772784971,799.15,272061,336,231,105
6,NH-502,Nashua/Hillsborough County CoC,303,349.262194,18867,1165,0.740976308,843.04,415247,281,164,117
6,NC-509,"Gastonia/Cleveland, Gaston, Lincoln Counties CoC",202,347.5604085,12486.33333,749.3333333,0.720147361,1118.22,404261,331,248,83
6,MD-508,"Charles, Calvert, St.Mary's Counties CoC",165,345.8475994,24984.33333,1496.333333,0.718690379,1028.08,366170,492,274,218
6,MI-516,Norton Shores/Muskegon City & County CoC,144,344.8132198,12913,751,0.69790134,499.25,173588,159,106,53
6,MI-518,Livingston County CoC,88,328.7766475,23313,1056,0.543559387,565.25,191224,90,46,44
6,KS-503,Topeka/Shawnee County CoC,339,328.2360943,12052,843,0.839362761,544.02,177499,408,282,126
6,MD-512,Hagerstown/Washington County CoC,281,326.7311809,15015,949,0.758441558,457.78,150926,199,149,50
6,CA-504,Santa Rosa/Petaluma/Sonoma County CoC,936,315.8777802,18668,1655,1.063852582,1575.85,499942,2996,2657,339
6,GA-505,Columbus-Muscogee/Russell County CoC,347,301.9591151,8563,859,1.203783721,857.53,194160,276,234,42
6,VT-501,Burlington/Chittenden County CoC,290,299.1352641,16021,1205,0.902565383,536.58,164572,359,255,104
6,MD-507,Cecil County CoC,132,295.0732088,18016,1107,0.737344583,346.27,102826,129,90,39
6,NJ-516,"Warren, Sussex, Hunterdon Counties CoC",271,289.5470757,22829.66667,1284.666667,0.675261721,1303.75,371292,338,243,95
6,MO-503,"St. Charles, Lincoln, Warren Counties CoC",255,289.3240901,23243,1018,0.525577593,1615.6,399182,532,278,254
6,AL-503,Huntsville/North Alabama CoC,487,288.4196263,13807.33333,753,0.654434842,1940.87,581782,424,336,88
6,FL-511,Pensacola/Escambia/Santa Rosa County CoC,774,283.8489023,16430.5,1045,0.763214753,1668.06,494883,632,467,165
6,WA-502,Spokane City & County CoC,1068,275.4630653,13723,921,0.805363259,1763.79,514631,1245,917,328
6,MI-515,Monroe City & County CoC,205,272.9299769,16281,848,0.625023033,549.39,150439,209,135,74
6,VA-514,"Fredericksburg/Spotsylvania, Stafford Counties CoC",163,253.2199849,27694,1547.5,0.670542356,1388.05,284198,200,128,72
6,FL-602,Punta Gorda/Charlotte County CoC,90,249.3708473,13734,1050,0.917431193,680.28,184998,164,130,34
6,NY-512,Troy/Rensselaer County CoC,139,245.1741949,17066,977,0.68697996,652.43,159442,178,100,78
6,MI-510,Saginaw City & County CoC,430,243.9677044,11593,747,0.773225222,800.11,190800,357,153,204
6,IL-513,Springfield/Sangamon County CoC,276,228.767707,12749,838,0.788767746,868.3,195348,271,195,76
6,MI-517,Jackson City & County CoC,196,227.2906067,12382,805,0.780164755,701.67,158823,81,65,16
6,MO-600,"Springfield/Greene, Christian, Webster Counties CoC",317,221.0187325,12268.5,769,0.752170192,1830.51,378906,479,314,165
6,NY-510,Ithaca/Tompkins County CoC,49,219.6734436,11567,1153,1.196161494,474.65,102793,91,75,16
6,FL-514,Ocala/Marion County CoC,356,214.7871635,11250,901,0.961066667,1584.55,359977,572,443,129
6,OR-507,Clackamas County CoC,85,211.1761624,20854,1351,0.777404814,1870.32,416075,383,317,66
6,IL-503,Champaign/Urbana/Rantoul/Champaign County CoC,146,207.1928293,6972,815,1.402753873,996.27,209983,188,121,67
6,CA-521,Davis/Woodland/Yolo County CoC,236,206.6355242,12229,1320,1.295281707,1014.69,220408,448,316,132
6,NC-506,"Wilmington/Brunswick, New Hanover, Pender Counties CoC",405,205.3959304,11852,1071.5,1.084880189,1908.29,369018,333,271,62
6,AR-500,Little Rock/Central Arkansas CoC,674,202.2694302,13780.66667,846.3333333,0.736974505,2902.05,587758,1081,950,131
6,CA-515,"Roseville/Rocklin/Placer, Nevada Counties CoC",486,198.4159203,16618,1421.5,1.026477314,2364.78,492845,950,766,184
6,NJ-512,Salem County CoC,33,194.3476951,13009,1144,1.055269429,331.9,62607,49,14,35
6,MI-514,Battle Creek/Calhoun County CoC,239,190.7183212,13059,781,0.717665977,706.23,134487,236,172,64
6,MI-523,Eaton County CoC,139,188.7163795,17446,863,0.593603118,575.17,109826,122,10,112
6,CA-517,Napa City & County CoC,169,188.175477,21081,1655,0.942080546,748.36,139417,322,276,46
6,IL-516,Decatur/Macon County CoC,139,186.6813618,11907,719,0.724615772,580.69,104712,161,98,63
6,AK-500,Anchorage CoC,1023,175.5877936,22313,1238,0.665800206,1704.68,291538,1094,814,280
6,WV-501,"Huntington/Cabell, Wayne Counties CoC",263,175.1715375,7663,760,1.190134412,787,93224,190,149,41
6,TN-509,Appalachian Regional CoC,550,174.9798077,10780.66667,680,0.756910519,2897.14,355362,360,291,69
6,FL-606,Naples/Collier County CoC,440,174.2643821,17776,1257,0.848559856,1998.32,378488,653,551,102
6,MD-500,Cumberland/Allegany County CoC,116,172.2463221,9838,662,0.807481195,424.16,70975,79,38,41
6,VA-502,Roanoke City & County/Salem CoC,490,170.779165,18333,894.5,0.585501555,1629.18,193993,317,228,89
6,LA-506,Slidell/Southeast Louisiana CoC,196,168.4225864,13819.33333,971.3333333,0.843456028,3362.91,531455,194,174,20
6,MA-507,"Pittsfield/Berkshire, Franklin, Hampshire County CoC",473,167.4161791,14178.33333,962,0.814200071,2153.4,358666,651,406,245
6,IL-509,Dekalb City & County CoC,94,165.4622927,10532,877,0.99924041,631.31,104458,100,45,55
6,NY-518,"Utica/Rome/Oneida, Madison Counties CoC",201,163.3116796,14149,759,0.643720404,1867.27,300372,178,100,78
6,CA-603,Santa Maria/Santa Barbara County CoC,824,160.6510206,17472,1653,1.135302198,2735.09,446527,1706,1335,371
6,NY-608,Kingston/Ulster County CoC,115,160.5573543,14673,1163,0.951134737,1124.24,178599,464,160,304
6,TN-500,Chattanooga/Southeast Tennessee CoC,320,156.9069714,13477,837.5,0.745714922,4332,471013,623,498,125
6,AR-501,Fayetteville/Northwest Arkansas CoC,371,156.3189988,15117.5,851.5,0.675905408,3253.68,509569,474,348,126
6,WV-500,Wheeling/Weirton Area CoC,108,154.1216848,10204.76337,596.3332782,0.701241085,941.12,145047,108,83,25
6,MS-500,"Jackson/Rankin, Madison Counties CoC",464,153.2507308,17038,951.3333333,0.670031694,3725.47,496617,446,362,84
6,AL-506,Tuscaloosa City & County CoC,176,153.1840363,9713,852,1.052609904,1321.75,208911,57,35,22
6,MD-513,Wicomico/Somerset/Worcester County CoC,218,151.3193755,12526,988,0.946511257,1430.98,103195,292,194,98
6,IL-507,"Peoria/Perkin/Fulton, Peoria, Tazewell, Woodford CoC",535,149.3058608,13126.5,771,0.704833733,2661.57,312949,400,248,152
6,VA-513,"Harrisburg, Winchester/Western Virginia CoC",307,144.0070762,20168.5,984,0.585467437,2498.53,169599,304,217,87
6,TN-512,"Morristown/Blount, Sevier, Campbell, Cocke Counties CoC",418,141.602792,13310,788.6666667,0.711044328,4641.9,305723,798,525,273
6,MO-602,"Joplin/Jasper, Newton Counties CoC",341,139.4157926,12440,768,0.740836013,1263.25,120636,275,227,48
6,MS-503,Gulf Port/Gulf Coast Regional CoC,94,137.4746829,8995.5,838.5,1.11855928,3505.54,349927,346,258,88
6,CA-524,Yuba City & County/Sutter County CoC,294,137.1707515,14109,938,0.797788646,1234.25,174848,765,457,308
6,CA-520,Merced City & County CoC,148,136.9535445,12864,1023,0.954291045,1934.97,274765,514,456,58
6,NY-513,"Wayne, Ontario, Seneca, Yates Counties CoC",335,136.911114,16319,805,0.591948036,1909.75,199928,182,182,0
6,CA-519,Chico/Paradise/Butte County CoC,463,136.8056659,11455,1066,1.116717591,1636.46,231256,1125,946,179
6,WV-503,"Charleston/Kanawha, Putnam, Boone, Clay Counties CoC",347,133.475391,11379,765,0.806749275,2090.7,180454,317,276,41
6,MI-511,Lenawee County CoC,117,131.6429858,15576,783,0.603235747,749.55,98266,117,54,63
6,FL-505,"Fort Walton Beach/Okaloosa, Walton Counties CoC",134,130.7637191,15547,1001,0.772624944,1967.87,278644,495,348,147
6,AL-505,Gadsden/Northeast Alabama CoC,178,127.882184,10358.33333,699.3333333,0.810168946,2471.65,288163,146,119,27
6,NY-514,Jamestown/Dunkirk/Chautauqua County CoC,106,124.2636032,10630,646,0.72925682,1060.23,127939,145,94,51
6,FL-508,"Gainesville/Alachua, Putnam Counties CoC",381,122.617098,9053.5,881.5,1.168387916,3364.49,344119,756,643,113
6,VA-508,Lynchburg CoC,172,122.1051934,16590,848,0.613381555,2113.44,160873,112,84,28
6,LA-500,Lafayette/Acadiana CoC,263,117.9293894,9259.333333,725,0.939592483,5550.44,396487,363,284,79
6,IA-500,"Sioux City/Dakota, Woodbury Counties CoC",301,117.349312,15836,801,0.606971457,872.83,102539,264,172,92
6,AL-504,Montgomery City & County CoC,393,115.2664364,11152,865,0.930774749,3335.88,307650,369,272,97
6,VA-504,Charlottesville CoC,109,114.063522,18114,1301,0.861874793,2140.36,108718,183,142,41
6,CA-525,El Dorado County CoC,165,107.1503853,18094,1346,0.892671604,1707.88,190678,645,477,168
6,CA-506,"Salinas/Monterey, San Benito Counties CoC",882,104.5661993,18680,1511,0.970663812,4669.31,435594,3299,2683,616
7,MO-603,"St. Joseph/Andrew, Buchanan, DeKalb Counties CoC",190,94.65885951,13542,760,0.673460346,1262.09,88571,204,103,101
7,LA-502,Shreveport/Bossier/Northwest CoC,430,94.18856771,11556,843.5,0.875908619,5142.45,370107,375,271,104
7,NY-511,"Binghamton, Union/Broome, Otsego, Chenango, Delaware, Cortland, Tioga Counties C",273,89.41001656,10006,761,0.912652409,5060.82,191659,244,211,33
7,MD-511,Mid-Shore Regional CoC,88,88.55101946,16100.88291,1033.884177,0.770554646,1509.13,133635,141,78,63
7,NY-519,Columbia/Greene County CoC,35,85.756746,13514.63644,867.8172639,0.7705577,1281.87,109929,196,113,83
7,NY-523,"Glens Falls/Saratoga Springs/Saratoga, Washington, Warren, Hamilton Counties CoC",111,84.48791617,18584,997.5,0.644102454,4225.48,294428,257,225,32
7,CA-614,San Luis Obispo County CoC,253,84.48509506,15385,1430,1.115372116,3298.57,284010,1095,993,102
7,NC-516,Northwest North Carolina CoC,121,83.68923217,10966,617,0.675177822,2509.14,68557,449,206,243
7,NY-501,"Elmira/Steuben, Allegany, Livingston, Chemung, Schuyler Counties CoC",131,83.58201468,12860,753,0.702643857,3787.31,243277,233,119,114
7,MI-512,"Grand Traverse, Antrim, Leelanau Counties CoC",171,82.8088963,17669,956,0.649272738,1847.06,92573,235,169,66
7,TN-506,Oak Ridge/Upper Cumberland CoC,259,81.13507498,15888,912.5,0.689199396,6982.27,219468,258,150,108
7,FL-506,Tallahassee/Leon County CoC,759,79.57975275,9519,976,1.230381343,5497.24,292502,909,640,269
7,OR-500,Eugene/Springfield/Lane County CoC,571,79.12662087,12333,998,0.971053272,4553.12,379611,1641,1390,251
7,NY-516,Clinton County CoC,125,78.53254324,13595,827,0.729974255,1037.85,80695,197,114,83
7,FL-604,Monroe County CoC,401,78.46188268,19211,1691,1.056269845,983.28,75027,973,724,249
7,NY-607,Sullivan County CoC,118,78.31386281,11581,888,0.920127796,968.13,75498,189,124,65
7,FL-515,"Panama City/Bay, Jackson Counties CoC",151,77.97055676,13748,1073,0.936572592,3869.14,185287,381,313,68
7,OR-502,Medford/Ashland/Jackson County CoC,335,75.77230515,13681,980,0.859586288,2783.55,219564,732,624,108
7,HI-500,Hawaii Balance of State CoC,1036,73.28788418,16772.66667,1380.333333,0.987559124,5821.89,440334,2035,1226,809
7,IL-518,Rock Island/Moline/Northwestern Illinois CoC,334,72.22230727,13562.5,752.5,0.665806452,9145.54,252907,198,138,60
7,VA-521,Virginia Balance of State (BoS) CoC,765,71.0943839,16189.33333,1056.333333,0.782984681,23897.19,245117,718,421,297
7,NV-501,Reno/Sparks/Washoe County CoC,1001,69.80136044,16899,1097,0.778981005,6302.37,465735,1192,1051,141
7,IL-512,Bloomington/Central Illinois CoC,373,69.13776139,10092.5,769.5,0.914936834,7713.99,186830,387,248,139
7,OK-505,Northeast Oklahoma CoC,391,68.62178962,16916,834,0.591629227,6840.32,172094,392,232,160
7,AL-502,Florence/Northwest Alabama CoC,237,67.58119738,12116,632,0.625949158,3940.09,92387,256,166,90
7,MN-505,St. Cloud/Central Minnesota CoC,628,64.34833586,20452.66667,931.3333333,0.546432413,11292.32,391641,584,278,306
7,WV-508,West Virginia Balance of State CoC,939,63.50982425,11369.6,798.2,0.842457079,20219.36,449554,628,513,115
7,AR-508,Old Fort Homeless Coalition,178,62.0143703,12570,684,0.652983294,4191.98,127753,231,212,19
7,MN-502,Rochester/Southeast Minnesota CoC,502,61.57396538,15949.33333,894.6666667,0.673131584,11883.87,290227,497,232,265
7,TN-507,Jackson/West Tennessee CoC,143,60.43186355,9556,785,0.985768104,11090.54,97605,1026,606,420
7,NY-504,Cattaragus County CoC,50,60.00382161,12675,688,0.651360947,1308.35,76840,33,21,12
7,TX-701,Bryan/College Station/Brazos Valley CoC,163,59.90848254,8620,952,1.325290023,5443.77,226758,197,122,75
7,TX-604,Waco/McLennan County CoC,226,56.76091275,10001.87225,741.9785487,0.890207589,6438.11,365433,188,117,71
7,IL-520,Southern Illinois CoC,368,53.98793427,11018,667,0.726447631,10875.43,67056,282,144,138
7,VT-500,Vermont Balance of State CoC,671,53.65601048,13405.68729,842.1960261,0.753885429,8680.09,465739,932,525,407
7,FL-518,"Columbia, Hamilton, Lafayette, Suwannee Counties CoC",119,53.06253244,11754,850,0.867789689,2543.32,70503,493,387,106
7,AR-503,Arkansas  Balance of State  CoC,564,52.41216431,10134.66667,771.6666667,0.913695566,16127.84,332518,768,666,102
7,CA-529,Lake County CoC,43,50.99724623,11858,1173,1.18704672,1256.46,64382,615,547,68
7,LA-505,Monroe/Northeast Louisiana CoC,249,50.48559954,7819,766,1.175597903,7043.87,154475,187,76,111
7,FL-517,"Hendry, Hardee, Highlands Counties CoC",95,50.31041298,11817,794,0.806296014,5019.12,105424,453,292,161
7,NY-522,Jefferson/Lewis/St. Lawrence Counties CoC,75,49.12312272,12021.5,821.5,0.820030778,5223.65,219802,96,81,15
7,MS-501,Mississippi Balance of State CoC,764,48.78382937,10921.4,828.8,0.91065248,39692.21,486017,560,404,156
7,MD-510,Garrett County CoC,30,45.86153608,11604,630,0.651499483,647.1,29677,15,8,7
7,LA-507,Alexandria/Central Louisiana CoC,134,43.39541335,9677,819,1.01560401,7101.05,130562,177,152,25
7,CA-613,Imperial County CoC,182,42.8116171,9093,775,1.022764764,4176.6,181827,1493,1311,182
7,IL-515,South Central Illinois CoC,102,42.33771029,12044.92028,605.495646,0.603237513,9534.03,403649,92,44,48
7,OK-500,North Central Oklahoma CoC,213,41.55539379,10252,784,0.9176746,8160.12,153644,181,98,83
7,IL-519,West Central Illinois CoC,119,37.94970823,12997,748,0.690620913,5929.4,65691,67,23,44
7,CA-522,Humboldt County CoC,398,37.88743803,11713,975,0.998890122,3567.99,136373,703,605,98
7,MN-509,Duluth/St.Louis County CoC,378,32.06982105,12634,777,0.738008548,6247.4,199754,425,261,164
7,OK-506,Southwest Oklahoma Regional CoC,304,31.44024097,12047,810,0.806839877,12991.09,120422,191,114,77
7,OK-507,Southeastern Oklahoma Regional CoC,348,30.2774451,10121,685,0.81217271,17642.77,68362,244,185,59
7,CA-526,"Amador, Calaveras, Tuolumne and Mariposa Counties CoC",154,29.00276101,12709.14605,1006.562662,0.95039839,5284.29,153259,398,265,133
7,MI-513,"Marquette, Alger Counties CoC",69,28.20445975,13082,784,0.719156092,2723.47,66516,70,34,36
7,MN-508,Moorhead/West Central Minnesota CoC,211,27.82500865,13221.20929,675.876884,0.613447865,8612.54,239644,246,112,134
7,OR-503,Central Oregon CoC,272,27.57139955,16205,1186,0.878247454,7778.06,191996,787,588,199
7,AR-505,Southeast Arkansas,223,27.23267106,8468,742,1.051487955,11300.03,68114,101,53,48
7,NY-520,Franklin County CoC,5,26.17465348,11493.39997,720.2754087,0.752023329,3423.35,89605,42,25,17
7,CA-509,Mendocino County CoC,138,24.92884318,12694,1100,1.039861352,3506.34,87606,880,829,51
7,TX-624,"Wichita Falls/Wise, Palo Pinto, Wichita, Archer Counties CoC",402,24.74558937,15112.5,888.5,0.705508685,12965.26,200369,238,212,26
7,MN-511,Southwest Minnesota CoC,119,23.04104532,13855.12536,638.8403111,0.553303094,12064.47,277978,65,21,44
7,OK-503,Oklahoma Balance of State CoC,145,22.17073178,15684,859.5,0.657612854,20139.66,217126,233,47,186
7,CA-527,Tehama County CoC,41,21.36311705,11504,781,0.814673157,2949.71,63015,125,107,18
7,KS-507,Kansas Balance of State CoC,1264,18.56085377,13864.25,927.75,0.803000523,79592.19,343256,918,581,337
7,CA-516,"Redding/Shasta, Siskiyou, Lassen, Plumas, Del Norte, Modoc, Sierra Counties CoC",826,13.60212397,11291,1084,1.152068019,23024.86,180040,1149,955,194
7,NE-500,Nebraska Balance of State CoC,657,11.62150311,15447,844,0.655661293,76167.6,317272,559,327,232
7,MN-506,Northwest Minnesota CoC,298,11.56410053,12617.96397,628.5933657,0.597808046,14723.67,170266,274,109,165
7,SD-500,South Dakota Statewide CoC,1356,11.22604603,16226,809,0.598299026,75811.02,304605,1159,836,323
7,CA-523,"Colusa, Glenn, Trinity Counties CoC",88,11.07685602,11072.84209,799.8857271,0.866862243,5643.93,62517,268,162,106
7,ND-500,North Dakota Statewide CoC,1034,10.66889389,13597.75,862.75,0.761375963,69000.78,415303,542,467,75
7,MN-504,Northeast Minnesota CoC,74,10.43790153,12319.74061,663.1366144,0.645925886,12016.4,125426,90,57,33
7,MT-500,Montana Statewide CoC,1290,7.031403732,14432,915.8,0.761474501,145545.76,574553,1405,983,422
7,AR-504,Delta Hills CoC,459,6.650340766,10241,671,0.786251343,11838.04,78727,57,51,6
7,WY-500,Wyoming Statewide CoC,698,6.004842361,16844,875,0.623367371,97093.14,178091,639,434,205
7,NV-502,Nevada Balance of State CoC,199,3.442975782,14159.03978,846.4441197,0.717374172,95587.37,329105,269,221,48
7,CA-530,"Alpine, Inyo, Mono Counties CoC",0,2.402673503,16542.31841,955.268526,0.692963467,13968.19,33561,157,145,12
7,AK-501,Alaska Balance of State CoC,805,0.769038724,16938.5,1153.5,0.817191605,568936.24,206581,922,620,302
8,CA-602,Santa Ana/Anaheim/Orange County CoC,2315,3961.965417,18914,1872,1.187691657,790.57,3185968,4955,3780,1175
8,NY-603,"Nassau, Suffolk Counties/Babylon/Islip/ Huntington CoC",3320,2385.530219,22818,1769,0.93031817,1196.77,2839436,3868,992,2876
8,MI-502,Dearborn/Dearborn Heights/Westland/Wayne County CoC,190,2312.96981,8242,873,1.271050716,473.33,1753893,211,74,137
8,CA-502,Oakland/Alameda County CoC,1636,2172.088712,20041,1875,1.122698468,739.02,1666753,5496,4801,695
8,MA-599,"MA-510, MA-516 & MA-518 Shared Jurisdiction",100,1702.871666,19784,1676,1.016579054,948.23,1614714,NA,NA,NA
8,FL-601,Ft Lauderdale/Broward County CoC,1669,1540.581423,12987,1372,1.267729268,1209.79,1951260,2318,1856,462
8,TX-500,San Antonio/Bexar County CoC,2252,1499.168428,10806,994,1.103831205,1239.82,1986049,3066,2265,801
8,CA-500,San Jose/Santa Clara City & County CoC,1652,1461.170452,24964,2305,1.107995514,1290.1,1937570,7254,6267,987
8,FL-600,Miami/Dade County CoC,3009,1404.010075,10909,1349,1.483912366,1897.72,2761581,3516,2425,1091
8,TX-601,Fort Worth/Arlington/Tarrant County CoC,1859,1172.056884,17238.5,1087,0.756678365,1767.09,2223302,2015,1605,410
8,WA-500,Seattle/King County CoC,6445,982.9738557,20907,1674,0.960826517,2115.57,2233163,12112,9488,2624
8,FL-507,"Orlando/Orange, Osceola, Seminole Counties CoC",2229,791.6704067,14877.66667,1253,1.01064235,2540.1,2216467,2053,1340,713
8,CO-503,Metropolitan Denver Homeless Initiative,4357,671.5863586,22058,1477,0.803517998,4482.53,3197929,5317,3915,1402
9,OH-507,Ohio Balance of State CoC,3177,165.6705047,14363.70968,774.483871,0.647033855,37263.35,4356168,3133,1809,1324
9,IN-502,Indiana Balance of State CoC,4392,159.6801112,15259.12,834.16,0.65599589,35429.81,3926694,3576,2477,1099
9,NC-503,North Carolina Balance of State CoC,3278,130.6481313,13166,785.3333333,0.715783078,38676.42,3477476,2991,2074,917
9,GA-501,Georgia Balance of State CoC,2399,123.7744141,15209.6,972.3,0.767120766,55293.35,4686508,3730,2402,1328
9,CT-505,Connecticut Balance of State CoC,2339,627.6160826,16548,1096.571429,0.795193204,4217.47,2628842,3235,1848,1387
9,CA-608,Riverside City & County CoC,834,322.4725525,14219,1374,1.159575216,7206.48,2450758,2316,2087,229
9,NV-500,Las Vegas/Clark County CoC,2131,262.329261,12807,1130,1.058795971,7891.43,2231647,6083,5786,297
9,PA-509,Eastern Pennsylvania CoC,2256,149.1564161,13630.625,830.1875,0.730872576,20813.58,2460273,1998,1108,890
9,CA-609,San Bernardino City & County CoC,757,105.0386549,14557,1275,1.051040736,20056.94,2171603,2118,1593,525
9,WI-500,Wisconsin Balance of State CoC,3592,78.03127511,17210.84211,827.2105263,0.576760059,52386.7,2645201,3147,1497,1650
9,WA-501,Washington Balance of State CoC,4216,41.14702334,16138.28571,1001.785714,0.744901211,53894.98,1869902,5666,3730,1936
9,WA-501,Washington Balance of State CoC,4216,41.14702334,16138.28571,1001.785714,0.744901211,53894.98,251446,5666,3730,1936
10,NY-600,New York City CoC,76865,27959.56055,11290.8,1449.2,1.540227442,302.65,8398748,78676,33391,45285
10,CA-600,Los Angeles City & County CoC,15225,2337.819315,13649,1479,1.300315041,3954.17,10105518,49955,42079,7876