cluster,cluster_final,coc_number,coc_name,density,land_area,weighted_estimate_median_gross_rent,weighted_income,rent_pct_income,estimated_pop_2016,
Property_crime_rate,Total_Year_Round_Beds,total_homeless,homeless_individuals,homeless_people_in_families,CoC_program_funding,Other_program_funding,Total_funding,empty,other_fed_funding
1,1a,NY-600,New York City CoC,27959.56055,302.65,1328.60446,10062.74049,0.631159787,8461961,1718.2,76865,76501,31124,45377,103229020.8,142281059.1,245510079.9,0,1121390.03
1,1a,CA-600,Los Angeles City & County CoC,2337.819315,3954.17,1264,12164,0.801951477,9244135,2128.1,15225,55188,47082,8106,107398460.1,161416728.8,268815188.9,0,16964337
1,1a,DC-500,District of Columbia CoC,10794.57821,61.05,1362,10076,0.61649535,659009,5012.5,7402,7473,3583,3890,23994458.72,29923614.42,53918073.14,0,19236606
1,1a,CA-501,San Francisco CoC,18141.2844,46.87,1632,12883,0.657832925,850282,5303.2,2759,6858,6257,601,31170400.43,32679302,63849702.43,0,3070517
1,1a,MA-500,Boston CoC,13943.33057,48.28,1343,8205,0.50912137,673184,2638.9,5905,6135,2492,3643,33169205.67,50617414,83786619.67,0,1200548
1,1a,PA-500,Philadelphia CoC,11632.64728,134.1,943,6911,0.610728172,1559938,3387.7,5324,5693,3341,2352,35593330.95,45699832,81293162.95,0,3515967
1,1a,IL-510,Chicago CoC,11883.13491,227.63,999,10977,0.915665666,2704958,3133.2,5138,5657,3724,1933,61966380.2,109408886.4,171375266.6,0,2923523
1,1a,MD-501,Baltimore City CoC,7672.349889,80.94,974,7753,0.663329911,621000,4718.4,2429,2669,2178,491,20845154,31860727,52705881,0,4114001
1,1a,CA-606,Long Beach CoC,9348.379399,50.29,1264,12164,0.801951477,470130,2640.1,600,1863,1646,217,9168566.92,10823271,19991837.92,0,3901060
1,1a,NJ-506,Jersey City/Bayonne/Hudson County CoC,14473.39251,46.19,1247,11363,0.759355787,668526,1630.7,377,822,668,154,4902193.7,11856827.86,16759021.56,0,0
1,1a,MA-502,Lynn CoC,8631.005587,10.74,1102,13877,1.049379915,92697,1857.1,539,582,151,431,1259596.93,5280646,6540242.93,0,76752
1,1a,MA-509,Cambridge CoC,17316.27543,6.39,1386,17522,1.053511304,110651,2412.2,432,530,395,135,4015983.69,1180292,5196275.69,0,0
4,2a,FL-600,Miami/Dade County CoC,1404.010075,1897.72,1143,9132,0.665791776,2664418,4832.7,3009,3721,2546,1175,26442289.97,59350917,85793206.97,0,1607546
4,2a,GA-500,Atlanta Continuum of Care,3548.794593,133.15,1037,11078,0.890228222,472522,5747.4,3419,3572,3089,483,24199229.72,34773187.52,58972417.24,0,2256284
4,2a,FL-502,St. Petersburg/Clearwater/Largo/Pinellas County CoC,3431.512053,273.8,967,11034,0.950879007,939548,5642.6,2047,2831,2466,365,7754758.63,12151923,19906681.63,0,3210184
4,2a,MI-501,Detroit CoC,4848.972973,138.75,808,7659,0.789913366,672795,4818.9,1981,2078,1543,535,24381315.97,27130529,51511844.97,0,3609100
4,2a,IN-503,Indianapolis CoC,2352.112036,396.3,806,9348,0.966501241,932142,4823.1,1750,1783,1283,500,9055340.38,4057083.28,13112423.66,0,4475119
4,2a,OH-502,Cleveland/Cuyahoga County CoC,2753.144207,457.19,742,8786,0.986747529,1258710,5458.8,1603,1727,1360,367,29894350.15,29732048,59626398.15,0,2294958
4,2a,MO-501,St.Louis City CoC,5104.668067,61.91,759,6504,0.714097497,316030,6252.6,1338,1336,821,515,7291242.59,25307261,32598503.59,0,2427074
4,2a,NM-500,Albuquerque CoC,2979.156235,187.73,816,10538,1.076184641,559277,5446.1,682,1318,1104,214,5562766.23,20466087.41,26028853.64,0,1729066
4,2a,LA-503,New Orleans/Jefferson Parish CoC,1759.221589,465.05,922.0846202,8964.302196,0.810148187,818126,3458.8,1053,1301,1158,143,20778403.8,25697945,46476348.8,0,1566871
4,2a,TX-603,El Paso City & County CoC,823.1462738,1012.69,765,9734,1.060348584,833592,2141.8,1259,1193,691,502,2289953.4,17424747.46,19714700.86,0,267519
4,2a,OH-500,Cincinnati/Hamilton County CoC,1985.57562,405.91,725,9405,1.081034483,805965,5603.5,971,1162,889,273,18691547.59,17598987.64,36290535.23,0,3240571
4,2a,KY-501,Louisville/Jefferson County CoC,1997.0664,380.42,770,11246,1.217099567,759724,4196.2,917,1034,769,265,9257659.73,17793549,27051208.73,0,443483
4,2a,WI-501,Milwaukee City & County CoC,3957.357084,241.4,821,9523,0.966605765,955306,4588.3,1106,900,687,213,11099689.32,18863539.11,29963228.43,0,806701
4,2a,OH-505,Dayton/Kettering/Montgomery County CoC,1154.286643,461.55,740,9902,1.11509009,532761,2799.1,540,619,459,160,9262880.84,8508980,17771860.84,0,732403
4,2a,AL-501,Mobile City & County/Baldwin County CoC,217.7201495,2819.22,829.6035376,10247.8911,1.029396436,613801,3177.6,526,606,426,180,3809954.91,20921814,24731768.91,0,529561
4,2a,OH-501,Toledo/Lucas County CoC,1275.597019,340.86,674,8689,1.074307616,434800,2799.1,823,499,257,242,3980810.55,6138136,10118946.55,0,431981
4,2a,AL-504,Montgomery City & County CoC,115.2664364,3335.88,819.8335201,10377.72596,1.05486111,384515,3177.6,393,377,284,93,2433805.02,11770998,14204803.02,0,0
4,2a,FL-515,"Panama City/Bay, Jackson Counties CoC",77.97055676,3869.14,832.3097597,10522.664,1.053560476,301679,3415.5,151,336,285,51,60289,6250103,6310392,0,394726
4,2a,OH-504,Youngstown/Mahoning County CoC,566.0925125,411.62,637,9918,1.297488226,233015,2799.1,272,262,163,99,1924930,4993294,6918224,0,170551
4,2a,GA-503,Athens/Clarke County CoC,1023.800336,119.2,800,4818,0.501875,122037,3281.2,148,239,182,57,111497.63,0,111497.63,0,0
4,2a,AL-506,Tuscaloosa City & County CoC,153.1840363,1321.75,784,9752,1.036564626,202471,3177.6,176,200,140,60,215964.3,7353220,7569184.3,0,349590
8,2b,MA-504,Springfield/Hampden County CoC,758.4535114,617.14,837,10697,1.065013939,468072,1857.1,2417,2311,370,1941,2914552.94,12632326.86,15546879.8,0,394726
8,2b,NJ-504,Newark/Essex County CoC,6279.898582,126.21,1077,10150,0.785360569,792586,2851.2,1905,2048,1253,795,3681810.99,10483115.17,14164926.16,0,1158473.21
8,2b,CA-514,Fresno/Madera County CoC,137.9268344,8095.06,909.5163194,10306.14224,0.944287825,1116526,2441.1,560,2016,1742,274,7158855.26,27450243.76,34609099.02,0,1180942
8,2b,MO-604,"Kansas City, Independence, Lee's Summit/Jackson, Wyandotte Counties CoC",1118.191678,756.06,815.9815039,10075.34762,1.028959967,845420,2906.5,1831,1671,1127,544,10030885.77,21965756.98,31996642.75,0,1899388
8,2b,OR-500,Eugene/Springfield/Lane County CoC,79.12662087,4553.12,885,9657,0.909322034,360273,2879,571,1529,1260,269,3446567.16,5269085,8715652.16,0,745801
8,2b,TN-501,Memphis/Shelby County CoC,1227.760525,763.17,873,9516,0.90836197,936990,5995.1,1524,1426,915,511,6533826.11,14184929,20718755.11,0,1659119
8,2b,CA-509,Mendocino County CoC,24.92884318,3506.34,975,9845,0.841452991,87409,2441.1,138,1238,1179,59,1507020,9386078,10893098,0,0
8,2b,SC-502,Columbia/Midlands CoC,160.7157116,9217.4,803.7121132,10922.31633,1.132486387,1481381,3460.3,1031,1200,939,261,3035749.36,32173881,35209630.36,0,1820554
8,2b,CA-519,Chico/Paradise/Butte County CoC,136.8056659,1636.46,936,9729,0.866185897,223877,2441.1,463,1195,997,198,368408.9,200000,568408.9,0,200000
8,2b,CA-613,Imperial County CoC,42.8116171,4176.6,778,9186,0.983933162,178807,2441.1,182,1154,1034,120,129600.5,8385918,8515518.5,0,0
8,2b,FL-506,Tallahassee/Leon County CoC,79.57975275,5497.24,858.2628986,8917.233502,0.865821875,437469,3415.5,759,1072,810,262,1395873,21927253,23323126,0,1658583
8,2b,KY-502,Lexington/Fayette County CoC,1098.286621,283.65,793,10411,1.094052123,311529,3912.5,999,1051,937,114,1358664,4760346,6119010,0,1227597
8,2b,GA-507,Savannah/Chatham County CoC,662.7262921,426.44,963,10509,0.909397715,282613,3281.2,699,926,751,175,2534228.47,7480398.5,10014626.97,0,249967.5
8,2b,NY-508,"Buffalo, Niagara Falls/Erie, Niagara, Orleans, Genesee, Wyoming Counties CoC",420.030572,3042,726.9324843,11425.45436,1.309779405,1277733,1718.2,1083,925,595,330,10448354.56,12096486,22544840.56,0,1262791
8,2b,CA-513,"Visalia, Kings, Tulare Counties CoC",97.53236031,6213.63,857.4136132,10832.41064,1.052818468,606030,2441.1,459,853,732,121,4683623.22,25338620,30022243.22,0,0
8,2b,FL-508,"Gainesville/Alachua, Putnam Counties CoC",122.617098,3364.49,804.5175012,7229.991838,0.748895231,412544,3415.5,381,819,699,120,632406.3,13849875,14482281.3,0,946448
8,2b,TN-502,Knoxville/Knox County CoC,881.8307032,508.22,808,10796,1.113448845,448164,3060.6,706,812,701,111,1743045.06,9866725,11609770.06,0,790245
8,2b,IL-511,Cook County CoC,3503.926716,719.94,999,10977,0.915665666,2522617,2075.9,483,780,508,272,9493107.92,22041412.83,31534520.75,0,46150
8,2b,CA-522,Humboldt County CoC,37.88743803,3567.99,899,10148,0.940674824,135182,2441.1,398,759,667,92,915404.12,8692375,9607779.12,0,1027657
8,2b,FL-504,"Daytona Beach/Daytona/Volusia, Flagler Counties CoC",386.843283,1586.49,955.8185517,10956.5496,0.955250134,613723,3415.5,449,753,555,198,1209166,2718862.99,3928028.99,0,303042
8,2b,TN-512,"Morristown/Blount, Sevier, Campbell, Cocke Counties CoC",141.602792,4641.9,665.5614356,10532.64389,1.318766799,657306,3060.6,418,752,423,329,97135,7734032,7831167,0,0
8,2b,FL-514,Ocala/Marion County CoC,214.7871635,1584.55,819,10641,1.082722833,340341,3415.5,356,725,599,126,228997,5343239,5572236,0,1054586
8,2b,OR-502,Medford/Ashland/Jackson County CoC,75.77230515,2783.55,895,10834,1.008752328,210916,2879,335,633,525,108,252673.28,11725446,11978119.28,0,961132
8,2b,FL-517,"Hendry, Hardee, Highlands Counties CoC",50.31041298,5019.12,700.7751966,9380.67182,1.115511302,252514,3415.5,95,609,377,232,3627,8892110,8895737,0,0
8,2b,TN-500,Chattanooga/Southeast Tennessee CoC,156.9069714,4332,712.1603187,10639.62076,1.244993634,679721,3060.6,320,576,452,124,2387854.23,6938330,9326184.23,0,119899
8,2b,NC-504,Greensboro/High Point CoC,792.6513861,645.7,789,11045,1.166561048,511815,3600.2,517,573,422,151,2077513.58,2740645,4818158.58,0,1031108
8,2b,MS-500,"Jackson/Rankin, Madison Counties CoC",153.2507308,3725.47,820.7632516,10758.91406,1.092368804,570931,2921.2,464,511,450,61,2697259,26740659.04,29437918.04,0,96898
8,2b,FL-518,"Columbia, Hamilton, Lafayette, Suwannee Counties CoC",53.06253244,2543.32,708.7646549,9649.984788,1.134601441,134955,3415.5,119,502,372,130,241698.47,403883,645581.47,0,403883
8,2b,MI-507,Portage/Kalamazoo City & County CoC,460.4297974,561.66,736,11443,1.295629529,258605,2043.9,601,479,244,235,1677587.73,3221784,4899371.73,0,347312
8,2b,NC-516,Northwest North Carolina CoC,83.68923217,2509.14,665.0174391,8237.316294,1.032218081,209988,2873.1,121,466,199,267,284540,5712714,5997254,0,0
8,2b,CA-521,Davis/Woodland/Yolo County CoC,206.6355242,1014.69,1147,10536,0.765475153,209671,2441.1,236,459,318,141,584302.82,4310620,4894922.82,0,0
8,2b,CA-520,Merced City & County CoC,136.9535445,1934.97,882,10927,1.032407407,265001,2441.1,148,454,447,7,508102,18709139,19217241,0,0
8,2b,NC-500,Winston Salem/Forsyth County CoC,893.5219895,408.15,742,10594,1.189802336,364691,2873.1,467,453,351,102,1561374.15,4047811,5609185.15,0,388762
8,2b,TN-509,Appalachian Regional CoC,174.9798077,2897.14,618.993443,9783.140292,1.317076457,506941,3060.6,550,450,342,108,1528834,4885931.5,6414765.5,0,530630
8,2b,NC-511,Fayetteville/Cumberland County CoC,499.5186338,652.31,878,10823,1.027239939,325841,2873.1,185,442,279,163,517788,2861408,3379196,0,0
8,2b,MI-508,Lansing/East Lansing/Ingham County CoC,511.6863267,556.12,809,9492,0.977750309,284559,2043.9,342,435,271,164,14867751.81,5718902.3,20586654.11,0,1258626
8,2b,MI-505,Flint/Genesee County CoC,648.5132971,636.98,720,9644,1.116203704,413090,2043.9,306,420,255,165,1674195.18,8324699.5,9998894.68,0,564221
8,2b,CA-529,Lake County CoC,50.99724623,1256.46,882,8130,0.76814059,64076,2441.1,43,401,294,107,0,350000,350000,0,350000
8,2b,MI-510,Saginaw City & County CoC,243.9677044,800.11,709,9923,1.166314057,195201,2043.9,430,388,188,200,1587164.06,6973720.35,8560884.41,0,353072
8,2b,PA-605,Erie City & County CoC,349.2873678,799.15,701,11227,1.334640989,279133,1931.7,401,369,264,105,2103419,2755606,4859025,0,100329
8,2b,LA-500,Lafayette/Acadiana CoC,117.9293894,5550.44,694.0672436,9744.466671,1.169971493,654560,3458.8,263,357,226,131,2184834,12970487,15155321,0,152628
8,2b,LA-502,Shreveport/Bossier/Northwest CoC,94.18856771,5142.45,755.087022,9007.942411,0.994139544,484360,3458.8,430,349,246,103,3890407.59,6440032.32,10330439.91,0,871102
8,2b,NC-506,"Wilmington/Brunswick, New Hanover, Pender Counties CoC",205.3959304,1908.29,895.6340243,10922.33806,1.016257549,391955,2873.1,405,322,256,66,638577.89,3230335,3868912.89,0,371865
8,2b,WV-503,"Charleston/Kanawha, Putnam, Boone, Clay Counties CoC",133.475391,2090.7,697.5209581,11496.54798,1.373500902,279057,2034.7,347,319,272,47,1221448.12,3848143,5069591.12,0,606140
8,2b,GA-505,Columbus-Muscogee/Russell County CoC,301.9591151,857.53,820.9023901,8735.383113,0.886766321,258939,3281.2,347,319,245,74,1328113,3223978,4552091,0,0
8,2b,IL-508,East Saint Louis/Belleville/Saint Clair County CoC,403.7475675,657.76,821,9879,1.00274056,265569,2075.9,175,300,174,126,2641055.89,15887660,18528715.89,0,517672
8,2b,GA-502,Fulton County Continuum of Care,1308.951311,400.5,1037,11078,0.890228222,524235,3281.2,264,293,217,76,502995.38,0,502995.38,0,0
8,2b,MS-503,Gulf Port/Gulf Coast Regional CoC,137.4746829,3505.54,804.5303337,9837.552974,1.018974732,481923,2921.2,94,264,185,79,771217.46,9709886,10481103.46,0,350000
8,2b,TN-506,Oak Ridge/Upper Cumberland CoC,81.13507498,6982.27,664.6534835,10741.65342,1.346773631,566507,3060.6,259,252,157,95,732562.32,3595214,4327776.32,0,0
8,2b,NC-509,"Gastonia/Cleveland, Gaston, Lincoln Counties CoC",347.5604085,1118.22,710.6408404,10476.67946,1.228548336,388649,2873.1,202,249,164,85,800706.5,7600694,8401400.5,0,501935
8,2b,GA-504,Augusta-Richmond County CoC,621.0279653,324.33,794,7003,0.734991604,201418,3281.2,225,246,217,29,459146.89,50450,509596.89,0,50450
8,2b,MI-502,Dearborn/Dearborn Heights/Westland/Wayne County CoC,2312.96981,473.33,808,7659,0.789913366,1094798,2043.9,190,226,78,148,604337,4295418,4899755,0,1136288
8,2b,TX-604,Waco/McLennan County CoC,56.76091275,6438.11,741.9785487,10001.87225,1.123333492,365433,3019.4,226,221,125,96,711876.9,3802616,4514492.9,0,64794
8,2b,MO-603,"St. Joseph/Andrew, Buchanan, DeKalb Counties CoC",94.65885951,1262.09,695.9274366,10749.39681,1.287178836,119468,2906.5,190,210,118,92,473918.58,83830,557748.58,0,83830
8,2b,WV-501,"Huntington/Cabell, Wayne Counties CoC",175.1715375,787,669.7535398,7818.463195,0.972803518,137860,2034.7,263,205,148,57,2307063.46,7667172,9974235.46,0,0
8,2b,MI-514,Battle Creek/Calhoun County CoC,190.7183212,706.23,697,11336,1.355332377,134691,2043.9,239,204,152,52,294916,4514242,4809158,0,0
8,2b,PA-508,Scranton/Lackawanna County CoC,463.9844907,459.08,717,11088,1.288702929,213006,1931.7,171,197,98,99,3126425.08,2552136,5678561.08,0,713570
8,2b,LA-505,Monroe/Northeast Louisiana CoC,50.48559954,7043.87,616.0678039,7263.130135,0.982458166,355614,3458.8,249,185,76,109,1681892,10480945,12162837,0,722265
8,2b,CA-523,"Colusa, Glenn, Trinity Counties CoC",11.07685602,5643.93,799.8857271,11072.84209,1.153585831,62517,2441.1,88,176,118,58,0,1207743,1207743,0,0
8,2b,PA-503,Wilkes-Barre/Hazleton/Luzerne County CoC,358.2008918,890.33,712,10750,1.258192884,318917,1931.7,229,174,82,92,2229708.52,3585701,5815409.52,0,425757
8,2b,AR-508,Old Fort Homeless Coalition,62.0143703,4191.98,620.6217231,9527.241388,1.279260382,259963,3338,178,168,131,37,0,5589759,5589759,0,124485
8,2b,AL-505,Gadsden/Northeast Alabama CoC,127.882184,2471.65,609.6626645,9514.460507,1.30050888,316080,3177.6,178,163,130,33,0,16601905,16601905,0,350000
8,2b,IL-503,Champaign/Urbana/Rantoul/Champaign County CoC,207.1928293,996.27,828,6799,0.684279388,206420,2075.9,146,160,100,60,580877.32,671170,1252047.32,0,0
8,2b,LA-507,Alexandria/Central Louisiana CoC,43.39541335,7101.05,717.5300224,9382.266313,1.089648519,308153,3458.8,134,159,127,32,419147.31,8024738,8443885.31,0,0
8,2b,AL-502,Florence/Northwest Alabama CoC,67.58119738,3940.09,578.3248772,9408.964646,1.355778418,266276,3177.6,237,155,155,0,403249,350000,753249,0,350000
8,2b,VA-507,Portsmouth CoC,2855.007429,33.65,977,10723,0.914619584,96071,1930.3,84,151,115,36,897459.93,4100254,4997713.93,0,0
8,2b,MI-517,Jackson City & County CoC,227.2906067,701.67,723,11412,1.315352697,159483,2043.9,196,140,52,88,579262.36,3961445,4540707.36,0,0
8,2b,MI-516,Norton Shores/Muskegon City & County CoC,344.8132198,499.25,692,10528,1.267822736,172148,2043.9,144,135,87,48,479641.04,4543890,5023531.04,0,200000
8,2b,IL-516,Decatur/Macon County CoC,186.6813618,580.69,653,10408,1.328228688,108404,2075.9,139,130,107,23,852549.03,3791826,4644375.03,0,0
8,2b,NY-516,Clinton County CoC,78.53254324,1037.85,748,11453,1.275958111,81505,1718.2,125,126,73,53,129511.75,0,129511.75,0,0
8,2b,VA-508,Lynchburg CoC,122.1051934,2113.44,746.8116305,10885.09091,1.214618081,258062,1930.3,172,125,92,33,346204.42,1285709,1631913.42,0,0
8,2b,CA-527,Tehama County CoC,21.36311705,2949.71,781,11504,1.227486129,63015,2441.1,41,124,103,21,0,664143,664143,0,0
8,2b,WV-500,Wheeling/Weirton Area CoC,154.1216848,941.12,596.3332782,10204.76337,1.426043085,145047,2034.7,108,118,77,41,413181,2346696,2759877,0,128769
8,2b,MD-500,Cumberland/Allegany County CoC,172.2463221,424.16,646,9479,1.222781218,73060,2507.5,116,118,76,42,517660.05,0,517660.05,0,0
8,2b,LA-508,Houma-Terrebonne/Thibodaux CoC,104.3589523,3372.37,822.5910404,11360.76635,1.150912765,351937,3458.8,145,116,34,82,821977.97,6912004,7733981.97,0,241494
8,2b,TX-701,Bryan/College Station/Brazos Valley CoC,59.90848254,5443.77,795.2006084,8048.323575,0.843426959,326128,3019.4,163,102,76,26,284782.29,4720119.14,5004901.43,0,0
8,2b,IL-509,Dekalb City & County CoC,165.4622927,631.31,877,10532,1.000760167,104458,2075.9,94,90,51,39,547270.61,0,547270.61,0,0
8,2b,MI-513,"Marquette, Alger Counties CoC",28.20445975,2723.47,639.8410706,9834.82058,1.280893677,76814,2043.9,69,84,34,50,39592.85,2810537,2850129.85,0,0
8,2b,NY-514,Jamestown/Dunkirk/Chautauqua County CoC,124.2636032,1060.23,619,10327,1.390280022,131748,1718.2,106,83,41,42,46383,3382807,3429190,0,400000
8,2b,NY-510,Ithaca/Tompkins County CoC,219.6734436,474.65,1011,8554,0.705077481,104268,1718.2,49,73,54,19,163077,184010,347087,0,184010
8,2b,AR-512,"Boone, Baxter, Marion, Newton Counties CoC",40.0734462,2562.42,593.9756537,10446.61218,1.465634171,102685,3338,52,53,23,30,0,0,0,0,0
8,2b,NY-520,Franklin County CoC,26.17465348,3423.35,720.2754087,11493.39997,1.329745982,89605,1718.2,5,28,21,7,123902,0,123902,0,0
10,2c,NC-503,North Carolina Balance of State CoC,130.6481313,38676.42,728.1273558,10863.38312,1.243301628,5053002,2873.1,3278,3054,1911,1143,6672466.25,69850169.6,76522635.85,0,0
10,2c,KY-500,Kentucky Balance of State CoC,86.05209641,38822.25,651.2204538,10464.21511,1.339051808,3340736,2246.9,1624,1940,1326,614,8362975.24,51274526,59637501.24,0,2264261
10,2c,AZ-500,Arizona Balance of State CoC,17.19087407,95206.91,846.9949746,10209.53513,1.004486,1636690,3197.5,1052,1768,1434,334,-13450.5,27560495,27547044.5,0,3193427
10,2c,AZ-501,Tucson/Pima County CoC,109.2123252,9187.04,831,10643,1.067288408,1003338,3197.5,1299,1574,1249,325,7270150.42,20754755,28024905.42,0,2188628
10,2c,SC-501,Greenville/Anderson/Spartanburg Upstate CoC,200.7022483,7309.38,724.5758301,10521.81963,1.210112546,1467009,3460.3,1015,1317,898,419,2870770.06,16275400,19146170.06,0,656961
10,2c,NM-501,New Mexico Balance of State CoC,12.57853783,121110.42,780.0326285,9824.3699,1.049568264,1523392,3542.3,992,1164,761,403,4095828.59,59509697.87,63605526.46,0,1688889
10,2c,TN-507,Jackson/West Tennessee CoC,60.43186355,11090.54,647.0788992,9544.823464,1.22921943,670222,3060.6,143,1103,707,396,1615265.09,6307900,7923165.09,0,0
10,2c,SC-503,Myrtle Beach/Sumter City & County CoC,110.8037284,8097.76,728.3732288,9341.518079,1.068765036,897262,3460.3,508,974,666,308,1835160.41,27466053,29301213.41,0,399499
10,2c,CA-516,"Redding/Shasta, Siskiyou, Lassen, Plumas, Del Norte, Modoc, Sierra Counties CoC",13.60212397,23024.86,901.4383451,10696.70289,0.988855103,313187,2441.1,826,934,721,213,267387.46,17278402,17545789.46,0,0
10,2c,AR-503,Arkansas  Balance of State  CoC,52.41216431,16127.84,661.1090329,9750.959469,1.229116402,845295,3338,564,822,738,84,319849,4864723,5184572,0,286776
10,2c,AL-507,Alabama Balance of State CoC,47.01851256,31646.62,618.3919315,8200.717344,1.105113242,1487977,3177.6,461,764,591,173,81553,18399162,18480715,0,0
10,2c,VA-521,Virginia Balance of State (BoS) CoC,71.0943839,23897.19,752.6896229,11278.74448,1.248715732,1698956,1930.3,765,722,423,299,323967.74,28245206,28569173.74,0,0
10,2c,MS-501,Mississippi Balance of State CoC,48.78382937,39692.21,664.2819931,8708.476749,1.092467361,1936338,2921.2,764,697,465,232,1822798,45153333,46976131,0,980506
10,2c,WV-508,West Virginia Balance of State CoC,63.50982425,20219.36,655.3263724,10172.78264,1.293602581,1284128,2034.7,939,667,535,132,2914638.7,43344365.48,46259004.18,0,573977
10,2c,LA-509,Louisiana Balance of State CoC,99.10037391,11165.75,797.4421552,10221.98995,1.068206001,1106530,3458.8,694,590,501,89,13776049.34,27473732,41249781.34,0,1982669
10,2c,IL-520,Southern Illinois CoC,53.98793427,10875.43,619.654053,11043.71145,1.485198528,587142,2075.9,368,435,247,188,641750.22,15877344.41,16519094.63,0,0
10,2c,OK-507,Southeastern Oklahoma Regional CoC,30.2774451,17642.77,621.6283748,9641.936551,1.292564409,534178,2990.7,348,351,249,102,117437,14117231,14234668,0,0
10,2c,TX-624,"Wichita Falls/Wise, Palo Pinto, Wichita, Archer Counties CoC",24.74558937,12965.26,742.3789923,11448.80552,1.285148336,320833,3019.4,402,234,170,64,214465,2701068,2915533,0,165920
10,2c,OK-506,Southwest Oklahoma Regional CoC,31.44024097,12991.09,686.4414716,11235.5633,1.36398656,408443,2990.7,304,231,150,81,54952.49,4348671,4403623.49,0,0
10,2c,OK-500,North Central Oklahoma CoC,41.55539379,8160.12,702.8899843,10454.27484,1.239439442,339097,2990.7,213,192,82,110,297180,4714503,5011683,0,948480
10,2c,AR-505,Southeast Arkansas,27.23267106,11300.03,627.335021,7989.807607,1.06134247,307730,3338,223,88,49,39,255079.42,13374496,13629575.42,0,394726
5,3a,CA-500,San Jose/Santa Clara City & County CoC,1461.170452,1290.1,1813,20687,0.950864129,1885056,2434.1,1652,7394,6319,1075,17580177.49,19526629,37106806.49,0,2349556
5,3a,NY-603,"Nassau, Suffolk Counties/Babylon/Islip/ Huntington CoC",2385.530219,1196.77,1595.653476,21642.4179,1.130279758,2854931,1718.2,3320,3937,994,2943,7119375.38,3875029,10994404.38,0,1079309
5,3a,CA-512,Daly/San Mateo County CoC,1683.164961,448.41,1830,22646,1.031238616,754748,2441.1,637,1253,822,431,9109821.03,2286587,11396408.03,0,399993
5,3a,CA-611,Oxnard/San Buenaventura/Ventura County CoC,457.4338218,1843.13,1572,19437,1.030375318,843110,2441.1,372,1152,969,183,1992392.04,16245652.12,18238044.16,0,0
5,3a,AK-500,Anchorage CoC,175.5877936,1704.68,1231,21931,1.48463309,299321,3827,1023,1128,848,280,3219029.66,16570505.6,19789535.26,0,15367
5,3a,CA-507,Marin County CoC,498.4682209,520.31,1764,20106,0.949829932,259358,2441.1,349,1117,917,200,3243741.84,8069400,11313141.84,0,199743
5,3a,VA-601,Fairfax County CoC,2911.575741,397.21,1778.407717,30187.70887,1.414547621,1156507,1930.3,760,964,492,472,8983155.24,2266714,11249869.24,0,939452
5,3a,MD-601,Montgomery County CoC,2089.304835,491.25,1647,24313,1.230165958,1026371,2507.5,510,894,616,278,8071623.23,12697603.1,20769226.33,0,700000
5,3a,NJ-502,Burlington County CoC,563.7957374,798.58,1219,20360,1.391851244,450236,1734.1,444,604,330,274,440487,0,440487,0,0
5,3a,MO-503,"St. Charles, Lincoln, Warren Counties CoC",289.3240901,1615.6,921.6793758,19630.59967,1.774894121,467432,2906.5,255,578,306,272,80422,400000,480422,0,400000
5,3a,PA-505,Chester County CoC,682.2400767,750.51,1222,21185,1.44469449,512028,1931.7,533,578,387,191,1977165.9,5736146,7713311.9,0,2723324
5,3a,MN-503,"Dakota, Anoka, Washington, Scott, Carver Counties",595.1289977,2080.27,1047.154771,21876.67691,1.740961756,1238029,2297.5,422,544,258,286,1637213.35,310110,1947323.35,0,0
5,3a,MD-600,Prince George`s County/Maryland CoC,1859.771282,482.69,1337,20436,1.273747195,897693,2507.5,389,525,193,332,2841243.34,6089965.52,8931208.86,0,865000
5,3a,PA-511,Bristol/Bensalem/Bucks County CoC,1036.256226,604.31,1143,19929,1.452974628,626220,1931.7,467,511,198,313,756297.6,0,756297.6,0,0
5,3a,MD-508,"Charles, Calvert, St.Mary's Counties CoC",345.8475994,1028.08,1464.226092,21601.02205,1.229376515,355559,2507.5,165,419,238,181,1189390,196715,1386105,0,196715
5,3a,VA-604,Prince William County CoC,1435.182478,348.81,1563.200863,27401.72371,1.460770033,500606,1930.3,356,400,197,203,469999,3866196,4336195,0,199999
5,3a,NJ-509,Morris County CoC,1082.65244,460.18,1388,25247,1.515790106,498215,1734.1,294,378,223,155,1468642.2,6826146,8294788.2,0,1124053
5,3a,MD-503,Annapolis/Anne Arundel County CoC,1349.088937,414.9,1520,23807,1.305208333,559737,2507.5,173,376,261,115,1875927.48,163603,2039530.48,0,0
5,3a,VA-503,Virginia Beach CoC,1806.011565,249.02,1258,19530,1.293720191,449733,2186.9,248,349,238,111,836801,1113775,1950576,0,959393
5,3a,IL-514,DuPage County CoC,2860.831335,325.26,1178,20067,1.419567063,930514,2075.9,351,331,205,126,2510014.71,1719109,4229123.71,0,70186
5,3a,PA-504,Lower Marion/Norristown/Abington/Montgomery County CoC,1689.044386,483.04,1181,19583,1.381809201,815876,1931.7,289,310,131,179,3514243.54,2623253,6137496.54,0,0
5,3a,MD-509,Frederick City & County CoC,368.7634425,660.22,1303,22030,1.408928115,243465,2507.5,282,309,217,92,248424,924379,1172803,0,0
5,3a,NJ-516,"Warren, Sussex, Hunterdon Counties CoC",289.5470757,1303.75,1195.833458,22666.19863,1.579525872,377497,1734.1,271,286,191,95,834586.87,-93580,741006.87,0,0
5,3a,IL-506,Joliet/Bolingbrook/Will County CoC,544.1334611,1575.29,1083.207747,20658.41804,1.58929332,857168,2075.9,314,282,185,97,5691632,339467,6031099,0,201264
5,3a,NJ-513,Somerset County CoC,1098.98943,301.81,1435,24827,1.441753775,331686,1734.1,294,244,176,68,295224,761298,1056522,0,761298
5,3a,VA-600,Arlington County CoC,8569.503039,27.97,1844.435519,25042.09975,1.131425645,239689,1930.3,214,232,149,83,2297020.4,0,2297020.4,0,0
5,3a,VA-514,"Fredericksburg/Spotsylvania, Stafford Counties CoC",253.2199849,1388.05,1336.334504,23254.06599,1.450115092,351482,1930.3,163,216,122,94,273731,0,273731,0,0
5,3a,VA-603,City of Alexandria CoC,10078.04391,15.03,1611,22915,1.185340368,151473,1930.3,213,211,121,90,393748,4308949,4702697,0,0
5,3a,MD-504,Howard County CoC,1230.146766,250.74,1625,30281,1.552871795,308447,2507.5,98,168,93,75,590510.13,0,590510.13,0,0
5,3a,IL-500,McHenry County CoC,509.1151748,603.17,1100,20850,1.579545455,307083,2075.9,130,155,87,68,834111.69,389641,1223752.69,0,389641
5,3a,MD-506,Carroll County CoC,374.3046091,447.59,1079,22563,1.742585728,167535,2507.5,112,147,106,41,260658,0,260658,0,0
5,3a,KS-505,Overland Park/Shawnee/Johnson County CoC,1209.261254,473.37,978,21261,1.811605317,572428,2735.2,161,130,34,96,334614.1,2620465.73,2955079.83,0,0
5,3a,VA-602,Loudoun County CoC,702.9928621,515.56,1705,35990,1.759042033,362435,1930.3,94,113,71,42,153907.73,2368150,2522057.73,0,0
5,3a,MI-518,Livingston County CoC,328.7766475,565.25,939,21345,1.894302449,185841,2043.9,88,103,56,47,103169,109085,212254,0,109085
2,4a,WA-500,Seattle/King County CoC,982.9738557,2115.57,1273,17046,1.115868028,2079550,6145.7,6445,11643,8810,2833,33910097.12,48586680,82496777.12,0,4171931
2,4a,CA-601,San Diego City and County CoC,773.3877237,4206.63,1395,14541,0.868637993,3253356,1959,3722,9160,7571,1589,20147878.49,63191936.43,83339814.92,0,7785386
2,4a,CA-502,Oakland/Alameda County CoC,2172.088712,739.02,1432,15546,0.904678771,1605217,5943.3,1636,5629,4918,711,33018258.39,44860475,77878733.39,0,1777523
2,4a,HI-501,Honolulu CoC,1642.972001,600.74,1587,18095,0.950168032,986999,3050,3216,4959,3112,1847,10489600.39,21881762.55,32371362.94,0,1827924.33
2,4a,TX-600,Dallas City & County/Irving CoC,1985.218686,1712.5,995.766032,14927.48552,1.249246396,3399687,3019.4,3384,3789,2990,799,14679990.97,17782002.75,32461993.72,0,2020076
2,4a,MN-500,Minneapolis/Hennepin County CoC,2184.405426,553.59,982,14843,1.259589274,1209265,4728,2894,3057,1395,1662,10316181.79,19568628.98,29884810.77,0,1247539
2,4a,UT-500,Salt Lake City & County CoC,1471.840815,742.28,970,16929,1.454381443,1092518,2878.5,1711,2047,1348,699,8211429.42,14486582.95,22698012.37,0,1781043
2,4a,TX-601,Fort Worth/Arlington/Tarrant County CoC,1172.056884,1767.09,941.4338438,14683.02394,1.299703996,2071130,3019.4,1859,1941,1344,597,12046122.16,9081054.3,21127176.46,0,2604620
2,4a,CO-504,Colorado Springs/El Paso County CoC,312.7567237,2126.8,1012,15301,1.259963768,665171,3668.1,966,1415,972,443,1638933.15,995464,2634397.15,0,329063
2,4a,NE-501,Omaha/Council Bluffs CoC,532.9777561,1517.72,840.7344356,14798.79216,1.466851633,808911,2523.5,1301,1389,1037,352,3827611.33,14207298,18034909.33,0,1162989
2,4a,NC-507,Raleigh/Wake County CoC,1195.584397,835.22,989,17873,1.505982474,998576,2873.1,736,884,587,297,5091838.49,15720595.25,20812433.74,0,671338
2,4a,IA-502,Des Moines/Polk County CoC,1251.296679,590.74,827,14778,1.489117291,739191,4260.3,670,676,534,142,6988125.2,11376842.61,18364967.81,0,584567
2,4a,MA-508,Lowell CoC,8141.237113,13.58,1386,17522,1.053511304,110558,2551.7,807,658,182,476,833056,5545033,6378089,0,0
2,4a,WI-503,Madison/Dane County CoC,431.6745181,1197.24,942,15426,1.364649682,516818,2843.5,569,585,320,265,4545606,6935058,11480664,0,1136854
2,4a,NJ-514,Trenton/Mercer County CoC,1652.569469,224.56,1144,14758,1.075029138,371101,1734.1,402,478,356,122,5342103.21,9087149.57,14429252.78,0,200000
2,4a,GA-506,Marietta/Cobb County CoC,2145.156825,339.55,1046,16880,1.344805609,728388,3281.2,285,403,236,167,2922144.3,1336147,4258291.3,0,340000
7,4b,CO-503,Metropolitan Denver Homeless Initiative,671.5863586,4482.53,1155.551463,17359.81239,1.251913981,3010406,2530.1,4357,5506,4031,1475,25961838.19,51192426.89,77154265.08,0,5003485
7,4b,CA-602,Santa Ana/Anaheim/Orange County CoC,3961.965417,790.57,1608,17466,0.905161692,3132211,2362.3,2315,4792,3527,1265,19304319.43,17343472,36647791.43,0,399958
7,4b,TX-700,"Houston, Pasadena, Conroe/Harris, Ft. Bend, Montgomery, Counties CoC",1562.890628,3606.69,988.0961595,14519.75254,1.224556301,5636862,3019.4,3192,3605,2670,935,27213987,44106212.97,71320199.97,0,3248676
7,4b,CA-506,"Salinas/Monterey, San Benito Counties CoC",104.5661993,4669.31,1279.874718,16268.16436,1.059228958,488252,2441.1,882,3364,2719,645,1701387,10832132,12533519,0,1243625
7,4b,CA-504,Santa Rosa/Petaluma/Sonoma County CoC,315.8777802,1575.85,1380,16401,0.990398551,497776,2441.1,936,2835,2509,326,2611863.51,16962759,19574622.51,0,240381
7,4b,CA-603,Santa Maria/Santa Barbara County CoC,160.6510206,2735.09,1423,14655,0.858222066,439395,2441.1,824,1860,1422,438,1491729.92,5359807,6851536.92,0,294562
7,4b,NY-604,Yonkers/Mount Vernon/New Rochelle/Westchester CoC,2251.40302,430.5,1394,16400,0.980392157,969229,1718.2,1820,1832,669,1163,12100663.33,34346023.7,46446687.03,0,1444901
7,4b,CA-505,Richmond/Contra Costa County CoC,1547.510965,715.94,1506,18659,1.032481186,1107925,2441.1,677,1607,1352,255,9703495.51,3468407,13171902.51,0,183455
7,4b,WA-503,Tacoma/Lakewood/Pierce County CoC,498.8864996,1669.51,1068,14871,1.160346442,832896,3706.1,900,1321,879,442,3447459.89,5460634,8908093.89,0,68310
7,4b,CA-518,Vallejo/Solano County CoC,522.7755062,821.76,1337,15804,0.985041137,429596,2441.1,366,1232,1070,162,1179165,997653,2176818,0,617286
7,4b,MA-511,Quincy/Brockton/Weymouth/Plymouth City and County CoC,947.8323032,692.44,1194.499183,17757.37406,1.23882979,656317,1857.1,971,1109,359,750,5452073.33,5526872,10978945.33,0,195421
7,4b,WA-504,Everett/Snohomish County CoC,363.4647171,2087.27,1197,17998,1.252993595,758649,3706.1,581,1066,785,281,7303854.65,5153579,12457433.65,0,877511
7,4b,CA-515,"Roseville/Rocklin/Placer, Nevada Counties CoC",198.4159203,2364.78,1310.830042,17035.04809,1.082968268,469210,2441.1,486,979,772,207,1187479.1,919290,2106769.1,0,0
7,4b,CT-503,Bridgeport/Norwalk /Stamford/Fairfield County CoC,1506.854006,624.89,1385,17158,1.032370638,941618,1920.4,755,778,430,348,6101325.22,17862644,23963969.22,0,751396
7,4b,WA-508,Vancouver/Clark County CoC,716.8410175,629,1022,17195,1.402071102,450893,3706.1,449,749,354,395,1031812.69,218960,1250772.69,0,218960
7,4b,VA-500,"Richmond/Henrico, Chesterfield, Hanover Counties CoC",495.4537305,2119.54,1051.280311,16881.93879,1.33820468,1050134,1930.3,668,662,573,89,5373110.93,14430850,19803960.93,0,630037
7,4b,FL-606,Naples/Collier County CoC,174.2643821,1998.32,1125,15764,1.167703704,348236,3415.5,440,621,502,119,282194.43,9216301,9498495.43,0,0
7,4b,MD-505,Baltimore County CoC,1380.020057,598.3,1193,17109,1.195096396,825666,2507.5,450,609,397,212,5547653.3,-12841.23,5534812.07,0,0
7,4b,CA-525,El Dorado County CoC,107.1503853,1707.88,1105,16643,1.255128205,183000,2441.1,165,602,446,156,9817,3663420,3673237,0,448019
7,4b,NJ-507,New Brunswick/Middlesex County CoC,2692.861999,308.91,1332,18076,1.130880881,831852,1734.1,224,546,318,228,1694344.99,2509766.36,4204111.35,0,0
7,4b,OR-506,Hillsboro/Beaverton/Washington County CoC,778.8796377,724.23,1111,17430,1.307380738,564088,2879,248,544,348,196,3899342.4,9393949.65,13293292.05,0,900701
7,4b,VA-505,Newport News/Hampton/Virginia Peninsula CoC,1236.391953,391.68,1092.367153,14907.67697,1.137260866,484270,1930.3,388,512,352,160,1612306.87,7694059,9306365.87,0,95552
7,4b,OR-507,Clackamas County CoC,211.1761624,1870.32,1091,17543,1.339978613,394967,2879,85,497,385,112,2017795.43,0,2017795.43,0,0
7,4b,NJ-515,Elizabeth/Union County CoC,5351.832766,102.85,1187,15446,1.084386408,550436,1734.1,344,480,205,275,4412626.97,4766920.58,9179547.55,0,594726
7,4b,MO-500,St. Louis County CoC,1970.38204,507.8,903,15219,1.40448505,1000560,6252.6,411,462,254,208,518395.69,573889.42,1092285.11,0,598931
7,4b,PA-502,Upper Darby/Chester/Haverford/Delaware County CoC,3058.724978,183.84,996,14844,1.241967871,562316,1931.7,436,453,251,202,2902176.74,1935188,4837364.74,0,397965
7,4b,FL-512,Saint Johns County CoC,363.5367762,600.66,1150,16858,1.221594203,218362,3940.6,190,445,295,150,175345,0,175345,0,0
7,4b,MI-504,Pontiac/Royal Oak/Oakland County CoC,1423.616394,867.66,968,15935,1.371814738,1235215,2043.9,269,412,281,131,6857205.69,4774112,11631317.69,0,1407003
7,4b,NH-501,Manchester CoC,3338.549849,33.1,1099,17876,1.355474674,110506,3623,391,394,192,202,1531816,7663243,9195059,0,107922
7,4b,NY-601,Poughkeepsie/Dutchess County CoC,371.9128238,795.63,1141,16940,1.237218814,295905,1718.2,408,388,207,181,1242118.93,1300000,2542118.93,0,200000
7,4b,IL-517,Aurora/Elgin/Kane County CoC,1012.604315,520.06,1043,17718,1.415627996,526615,2075.9,406,360,266,94,1528794.79,14687201,16215995.79,0,200000
7,4b,NY-602,Newburgh/Middletown/Orange County CoC,463.5291799,811.69,1157,15154,1.091472198,376242,1718.2,279,350,186,164,2488180.34,7694077,10182257.34,0,0
7,4b,MA-503,Cape Cod/Islands CoC,447.5292468,541.94,1180.051032,16068.65729,1.134743107,242534,1857.1,301,324,145,179,840500.05,5553494,6393994.05,0,0
7,4b,PA-510,Lancaster City & County CoC,564.8488573,943.81,932,15939,1.425160944,533110,1931.7,419,321,180,141,2606288.3,4195178,6801466.3,0,228528
7,4b,TN-510,Murfreesboro/Rutherford County CoC,468.6918755,619.36,925,15501,1.396486486,290289,3060.6,269,316,249,67,466485,1644881,2111366,0,0
7,4b,CA-517,Napa City & County CoC,188.175477,748.36,1442,18232,1.053629219,140823,2441.1,169,315,233,82,575105.35,3209001,3784106.35,0,0
7,4b,NJ-501,Bergen County CoC,3992.575426,233.01,1380,18081,1.091847826,930310,1734.1,368,302,182,120,4029353,-3425471,603882,0,269717
7,4b,NJ-508,Monmouth County CoC,1338.620704,468.79,1273,18387,1.203652789,627532,1734.1,246,299,144,155,5446746.28,2471247.34,7917993.62,0,0
7,4b,NH-502,Nashua/Hillsborough County CoC,349.262194,843.04,1099,17876,1.355474674,294442,1962.7,303,295,160,135,1752186,1702983,3455169,0,1428537
7,4b,VT-501,Burlington/Chittenden County CoC,299.1352641,536.58,1139,15267,1.116988586,160510,1524.4,290,291,197,94,775657.5,4772849,5548506.5,0,574473
7,4b,PA-512,York City & County CoC,487.2967772,904.18,871,15815,1.513107539,440604,1931.7,400,288,134,154,985390.92,4026560,5011950.92,0,0
7,4b,VA-513,"Harrisburg, Winchester/Western Virginia CoC",144.0070762,2498.53,905.9181003,14742.81238,1.35615758,359806,1930.3,307,280,195,85,356908,1520539,1877447,0,0
7,4b,MI-519,Holland/Ottawa County CoC,490.8566561,563.47,807,17251,1.781391987,276583,2043.9,359,258,112,146,1003773,-19908,983865,0,0
7,4b,IL-502,Waukegan/North Chicago/Lake County CoC,1584.263078,443.67,1088,18873,1.445542279,702890,2075.9,228,228,122,106,955344.09,7030162,7985506.09,0,0
7,4b,NJ-510,Lakewood Township/Ocean County CoC,932.2274882,628.78,1328,15527,0.974334839,586166,1734.1,127,224,119,105,11810.51,5923885,5935695.51,0,400000
7,4b,MD-507,Cecil County CoC,295.0732088,346.27,1042,16616,1.328854766,102175,2507.5,132,193,139,54,65148,575904,641052,0,575904
7,4b,MD-502,Harford County CoC,571.4521037,437.09,1159,18758,1.348720161,249776,2507.5,143,189,102,87,644447,0,644447,0,0
7,4b,UT-504,Provo/Mountainland CoC,124.9502045,5050.66,950.500904,17543.70975,1.538110912,631081,2878.5,157,171,118,53,963552.18,4539046,5502598.18,0,350000
7,4b,NY-606,Rockland County CoC,1859.072313,173.55,1367,17105,1.04273348,322642,1718.2,88,170,135,35,5063933.42,4181796,9245729.42,0,476867
7,4b,MD-511,Mid-Shore Regional CoC,88.55101946,1509.13,1033.884177,16100.88291,1.297766493,133635,2507.5,88,153,81,72,0,4436463,4436463,0,0
7,4b,MA-517,Somerville CoC,8719.140083,14.42,1386,17522,1.053511304,125730,1857.1,125,142,108,34,1052818.02,352791.88,1405609.9,0,247801
7,4b,MI-523,Eaton County CoC,188.7163795,575.17,794,15067,1.581339211,108544,2043.9,139,107,11,96,820631,0,820631,0,0
11,4c,WI-500,Wisconsin Balance of State CoC,78.03127511,52386.7,746.4271054,15160.13988,1.692522928,4087801,2088.3,3592,3348,1499,1849,8140998.05,30198305.6,38339303.65,0,2859764.6
11,4c,CT-505,Connecticut Balance of State CoC,627.6160826,4217.47,1034.730547,14721.59661,1.185622403,2646952,1920.4,2339,2610,1778,832,33008167.33,53631664,86639831.33,0,2292752
11,4c,MA-516,Massachusetts Balance of State CoC,2358.399882,473.34,1358.557036,16860.17223,1.034196074,1116325,1857.1,1626,2080,516,1564,1037569.05,4380870,5418439.05,0,0
11,4c,WY-500,Wyoming Statewide CoC,6.004842361,97093.14,812.9137659,15564.64354,1.595561156,583029,1964.7,698,873,622,251,367173.54,9725670,10092843.54,0,1471069
11,4c,MN-505,St. Cloud/Central Minnesota CoC,64.34833586,11292.32,797.8147974,16512.5416,1.724767625,726642,2297.5,628,862,452,410,781001,304922,1085923,0,304922
11,4c,NH-500,New Hampshire Balance of State CoC,114.2269371,8076.51,991.90716,17683.79955,1.485673279,922555,1962.7,689,767,424,343,3725263.43,21268376.98,24993640.41,0,0
11,4c,AK-501,Alaska Balance of State CoC,0.769038724,568936.24,1095.192108,17466.83048,1.329053776,437534,2760,805,717,506,211,381969.24,53048730,53430699.24,0,3017679
11,4c,UT-503,Utah Balance of State CoC,16.03668137,76376.65,835.3522478,16486.33552,1.644649065,1224828,2878.5,886,634,416,218,1669478.83,24050088,25719566.83,0,580814
11,4c,MN-502,Rochester/Southeast Minnesota CoC,61.57396538,11883.87,722.3594666,14809.08467,1.708415887,731737,2297.5,502,552,262,290,957604.63,3077801.02,4035405.65,0,272584
11,4c,TN-503,Central Tennessee CoC,126.3430037,8896.29,870.6308577,15085.84695,1.443957449,1123984,3060.6,354,285,201,84,1853235.6,7598854,9452089.6,0,494143
11,4c,NY-523,"Glens Falls/Saratoga Springs/Saratoga, Washington, Warren, Hamilton Counties CoC",84.48791617,4225.48,959.198153,17381.74198,1.510093085,357002,1718.2,111,247,175,72,1359901.47,6855966,8215867.47,0,1003563
11,4c,CA-530,"Alpine, Inyo, Mono Counties CoC",2.402673503,13968.19,955.268526,16542.31841,1.443077519,33561,2441.1,0,121,102,19,3091,782329,785420,0,0
3,5a,CA-503,Sacramento City & County CoC,1533.52546,964.64,1065,12501,0.978169014,1479300,3123.2,1431,3665,3076,589,16597398.09,17312906,33910304.09,0,2593242
3,5a,TX-500,San Antonio/Bexar County CoC,1499.168428,1239.82,902,11877,1.097283814,1858699,5417.8,2252,2743,1899,844,8498783.88,23895556.61,32394340.49,0,2072735
3,5a,FL-601,Ft Lauderdale/Broward County CoC,1540.581423,1209.79,1226,12165,0.82687602,1863780,3415.5,1669,2450,2037,413,7864301.16,5002584,12866885.16,0,976409
3,5a,TX-503,Austin/Travis County CoC,1159.539487,990.2,1113,14335,1.073300389,1148176,4142.4,1309,2036,1460,576,6063127.88,19431288,25494415.88,0,1222440
3,5a,FL-510,"Jacksonville-Duval, Clay Counties CoC",584.7701706,2015.19,978.9848111,11943.33252,1.016642647,1178423,3415.5,1568,1869,1444,425,4579936.5,8207036,12786972.5,0,579252
3,5a,OH-503,Columbus/Franklin County CoC,2315.184427,532.19,869,11657,1.117855773,1232118,4278.2,1229,1691,1242,449,11180446.83,22334758,33515204.83,0,2099461
3,5a,FL-501,Tampa/Hillsborough County CoC,1296.849668,1020.21,992,11789,0.990339382,1323059,2427.7,1108,1549,1070,479,6533503.6,17528841,24062344.6,0,707541
3,5a,NC-505,Charlotte/Mecklenberg CoC,1931.45617,523.84,977,13868,1.18287274,1011774,3566.9,1187,1476,1016,460,3693438.22,3390685.98,7084124.2,0,571647
3,5a,MN-501,Saint Paul/Ramsey County CoC,3492.070166,152.21,892,13250,1.237855007,531528,3484.4,1487,1438,905,533,10029877.85,18415069.63,28444947.48,0,1952153
3,5a,OK-502,Oklahoma City CoC,1078.832426,708.82,794,11444,1.20109152,764698,4410.9,1357,1368,1009,359,2831447.06,19423417.89,22254864.95,0,474008
3,5a,WA-502,Spokane City & County CoC,275.4630653,1763.79,805,11577,1.198447205,485859,3706.1,1068,1090,791,299,4615951.53,11104295,15720246.53,0,1215025
3,5a,OK-501,Tulsa City & County/Broken Arrow CoC,1104.468216,570.25,790,11538,1.217088608,629823,5081.6,848,1074,819,255,2407542.19,8542459,10950001.19,0,1069570
3,5a,AR-500,Little Rock/Central Arkansas CoC,202.2694302,2902.05,783.4763678,12122.66617,1.289409895,586996,3338,674,1006,892,114,2864661.34,3404113,6268774.34,0,540496
3,5a,ID-500,Boise/Ada County CoC,404.5279219,1052.58,871,13195,1.262437811,425798,1854.8,771,833,671,162,3368241.45,3467961.56,6836203.01,0,535498
3,5a,NE-502,Lincoln CoC,3146.268657,89.11,750,13024,1.447111111,280364,3348.7,611,606,385,221,3235294.08,3262924,6498218.08,0,1318026
3,5a,KS-502,Wichita/Sedgwick County CoC,509.4896292,997.51,750,11670,1.296666667,508221,4722.9,581,575,395,180,1948950.63,11446500,13395450.63,0,860474
3,5a,OH-506,Akron/Barberton/Summit County CoC,1311.622047,412.75,760,11542,1.265570175,541372,2799.1,477,507,392,115,3970969.7,5175877,9146846.7,0,515324
3,5a,FL-603,Ft Myers/Cape Coral/Lee County CoC,868.0195281,784.51,984,12457,1.054962737,680970,3415.5,286,431,317,114,1600719.27,10013250,11613969.27,0,45340
3,5a,KS-503,Topeka/Shawnee County CoC,328.2360943,544.02,738,12889,1.455397471,178567,2735.2,339,356,247,109,1775984.32,2756106.3,4532090.62,0,0
3,5a,NC-502,Durham City & County CoC,1030.204909,285.98,921,11814,1.068946797,294618,4438.7,319,354,254,100,1723314,8198831,9922145,0,1369722
3,5a,MA-505,New Bedford CoC,4751.6,20,829,12107,1.217028548,95032,1857.1,352,352,174,178,1742340,4696033,6438373,0,225072
6,5b,NV-500,Las Vegas/Clark County CoC,262.329261,7891.43,1013,12973,1.067209608,2070153,2923.4,2131,6490,6190,300,12917507.94,8392350.52,21309858.46,0,3819746
6,5b,AZ-502,Phoenix/Mesa/Maricopa County Regional CoC,444.4007374,9200.14,989,12797,1.078277722,4088549,3724.3,3529,5605,3805,1800,30989306.41,35202111,66191417.41,0,1655291
6,5b,OR-501,Portland-Gresham-Multnomah County CoC,1804.296313,431.3,1013,11772,0.968410661,778193,5234.8,2562,4177,3520,657,21214887.62,31844999,53059886.62,0,2408216
6,5b,FL-519,Pasco County CoC,653.7910536,746.89,946,11838,1.042811839,488310,3415.5,220,2593,838,1755,137854,7335835,7473689,0,701332
6,5b,CA-608,Riverside City & County CoC,322.4725525,7206.48,1212,13603,0.93529978,2323892,3087.8,834,2406,2172,234,10080958.14,10808771,20889729.14,0,1382902
6,5b,TN-504,Nashville/Davidson County CoC,1325.089776,504.03,904,12048,1.110619469,667885,3646.8,1783,2337,1990,347,3002676.74,27182900,30185576.74,0,2109279
6,5b,CA-508,Watsonville/Santa Cruz City & County CoC,608.6012085,445.17,1482,14422,0.810953666,270931,2441.1,482,2249,1846,403,1783390.29,8656892,10440282.29,0,0
6,5b,FL-507,"Orlando/Orange, Osceola, Seminole Counties CoC",791.6704067,2540.1,1074.581577,12100.36757,0.938378236,2010922,3415.5,2229,2074,1342,732,12088020.6,24536925,36624945.6,0,2029297
6,5b,FL-509,"Fort Pierce/St. Lucie, Indian River, Martin Counties CoC",365.8682783,1618.26,981.6325739,11708.05412,0.993927058,592070,3415.5,220,1732,750,982,1577215.53,4720159,6297374.53,0,175000
6,5b,CA-510,Turlock/Modesto/Stanislaus County CoC,354.930661,1494.83,1005,12503,1.036733002,530561,2441.1,843,1661,1256,405,1945521.34,308268,2253789.34,0,196746
6,5b,FL-605,West Palm Beach/Palm Beach County CoC,710.1154455,1969.76,1206,12993,0.897802653,1398757,3415.5,642,1607,1281,326,5580850.7,16855564,22436414.7,0,806880
6,5b,CA-511,Stockton/San Joaquin County CoC,513.7998448,1391.32,1057,12603,0.993614002,714860,4389.7,1123,1542,1016,526,4272119,9332436,13604555,0,738478
6,5b,MA-506,Worcester City & County CoC,538.5260496,1510.77,955,14048,1.22582897,813589,1857.1,1454,1507,584,923,4995194.06,21064566,26059760.06,0,2766359
6,5b,FL-500,"Sarasota/Bradenton/Manatee, Sarasota Counties CoC",578.5509701,1298.8,1030.607072,13308.82734,1.076131704,751422,3415.5,988,1447,1202,245,1214364,4951724,6166088,0,790369
6,5b,RI-500,Rhode Island Statewide CoC,1020.004643,1033.81,956.9048802,12074.00667,1.051480919,1054491,2173.6,1069,1180,802,378,4407188.01,31962996.98,36370184.99,0,4822468
6,5b,PA-600,Pittsburgh/McKeesport/Penn Hills/Allegheny County CoC,1685.263057,730.07,800,11721,1.2209375,1230360,3212.8,1092,1145,756,389,17118230,16371568,33489798,0,1582514
6,5b,CA-614,San Luis Obispo County CoC,84.48509506,3298.57,1257,13693,0.907783081,278680,2441.1,253,1125,977,148,597260.91,15257439,15854699.91,0,0
6,5b,NV-501,Reno/Sparks/Washoe County CoC,69.80136044,6302.37,918,12663,1.149509804,439914,2625.4,1001,1106,911,195,262489.27,10330067.49,10592556.76,0,1833637.49
6,5b,AL-500,"Birmingham/Jefferson, St. Clair, Shelby Counties CoC",376.4167698,2528.11,838.2650756,11604.12586,1.153585562,951623,3177.6,986,1092,932,160,9124110.38,9915433,19039543.38,0,1123060
6,5b,NJ-503,"Camden City/Camden, Cumberland, Gloucester, Cape May Counties CoC",824.1452139,1278.39,1027.484429,13878.26768,1.125586212,1053579,1734.1,795,938,629,309,2109359.49,16994572,19103931.49,0,2544294
6,5b,MI-506,Grand Rapids/Wyoming/Kent County CoC,743.0804652,846.95,787,13370,1.415713681,629352,2043.9,794,912,614,298,4760843.4,13137505.98,17898349.38,0,1350704
6,5b,FL-513,Palm Bay/Melbourne/Brevard County CoC,552.0380836,1015.66,936,12338,1.098468661,560683,6359.9,735,845,583,262,685203.5,6200463.38,6885666.88,0,2446463
6,5b,NY-500,Rochester/Irondequoit/Greece/Monroe County CoC,1140.025258,657.21,843,11730,1.159549229,749236,1718.2,637,817,510,307,9413039.99,19347580,28760619.99,0,1581818
6,5b,CA-604,Bakersfield/Kern County CoC,107.1502179,8131.92,905,11655,1.07320442,871337,3972.4,681,810,623,187,5235587.97,33677975.32,38913563.29,0,806103
6,5b,NY-503,Albany City & County CoC,588.9269319,522.8,931,13400,1.199427139,307891,1718.2,478,802,515,287,4292240.69,8004392,12296632.69,0,1426472
6,5b,NY-505,"Syracuse, Auburn/Onondaga, Oswego, Cayuga Counties CoC",275.5783319,2421.62,771.9563165,11799.74258,1.273792131,667346,1718.2,810,798,581,217,9702877.2,12344293,22047170.2,0,1059430
6,5b,CA-524,Yuba City & County/Sutter County CoC,137.1707515,1234.25,930.9610107,12318.28928,1.102649944,169303,2441.1,294,760,557,203,4980,10236305,10241285,0,10000
6,5b,FL-511,Pensacola/Escambia/Santa Rosa County CoC,283.8489023,1668.06,946.6942914,13537.60964,1.191656216,473477,3415.5,774,758,619,139,665936,4247814,4913750,0,858167
6,5b,MA-510,"Gloucester, Haverhill, Salem/Essex County CoC",1255.987702,474.89,1102,13877,1.049379915,596456,1857.1,693,747,228,519,1550722.28,5500786,7051508.28,0,472428
6,5b,VA-501,"Norfolk/Chesapeake/Suffolk/Isle of Wright, Southampton Counties CoC",365.9439481,1718.05,1057.694018,13704.42635,1.079740936,628710,1930.3,597,703,572,131,3982990.24,2076271,6059261.24,0,0
6,5b,FL-520,"Citrus, Hernando, Lake, Sumter Counties CoC",294.7077238,2539.55,887.2868905,11893.63177,1.117041164,748425,3415.5,398,635,444,191,380814.71,691048,1071862.71,0,0
6,5b,FL-604,Monroe County CoC,78.46188268,983.28,1466,12836,0.729649841,77150,3415.5,401,631,581,50,200197,2010887,2211084,0,385579
6,5b,CA-607,Pasadena CoC,6184.545059,22.97,1264,12164,0.801951477,142059,2471.3,163,575,465,110,2244448.88,5729570,7974018.88,0,0
6,5b,WA-507,Yakima City & County CoC,57.6619174,4295.4,776,12336,1.324742268,247681,3706.1,629,572,287,285,611332.99,30138361.09,30749694.08,0,105776
6,5b,NC-501,Asheville/Buncombe County CoC,380.8792849,656.67,859,12166,1.180248351,250112,2873.1,494,562,505,57,1090693.83,8182561,9273254.83,0,3878307
6,5b,MA-507,"Pittsfield/Berkshire, Franklin, Hampshire County CoC",167.4161791,2153.4,883.14281,12707.69096,1.199097399,360514,1857.1,473,557,420,137,1501960,6966730,8468690,0,2535249
6,5b,PA-506,Reading/Berks County CoC,483.4701288,856.51,870,13507,1.293773946,414097,1931.7,488,534,366,168,2662636.05,3895219,6557855.05,0,44593
6,5b,FL-503,Lakeland/Winter Haven/Polk County CoC,354.6984159,1797.84,883,11533,1.088429596,637691,3415.5,524,512,342,170,705041.25,1772665,2477706.25,0,186723
6,5b,MN-509,Duluth/St.Louis County CoC,32.06982105,6247.4,698,11502,1.373209169,200353,2297.5,378,505,314,191,3061055.85,5478690,8539745.85,0,0
6,5b,PA-501,Harrisburg/Dauphin County CoC,517.9735263,525.05,863,13475,1.301178061,271962,1931.7,420,460,309,151,2946267.1,5180222,8126489.1,0,247015
6,5b,GA-508,DeKalb County CoC,2778.254529,260.56,1018,11900,0.974132286,723902,3281.2,341,460,266,194,3558252.38,6854309,10412561.38,0,310000
6,5b,MO-600,"Springfield/Greene, Christian, Webster Counties CoC",221.0187325,1830.51,713.8582421,11503.39688,1.342866623,404577,2906.5,317,455,335,120,757919.9,6059277.19,6817197.09,0,194726
6,5b,NJ-511,Paterson/Passaic County CoC,2747.732813,184.59,1211,11523,0.792939719,507204,1734.1,526,449,249,200,2132802.67,3076215.65,5209018.32,0,0
6,5b,AL-503,Huntsville/North Alabama CoC,288.4196263,1940.87,721.7011353,12014.54515,1.387294611,559785,3177.6,487,436,327,109,616078.75,3713992,4330070.75,0,200000
6,5b,SC-500,Charleston/Low Country CoC,181.9209112,5436.17,992.2726732,12401.57451,1.041512651,988953,3460.3,377,425,393,32,1806463.93,15073833,16880296.93,0,1316305
6,5b,NJ-500,Atlantic City & County CoC,493.1185892,555.7,1054,12958,1.024509804,274026,1734.1,351,422,382,40,95569.19,8051585,8147154.19,0,423231
6,5b,NY-608,Kingston/Ulster County CoC,160.5573543,1124.24,1022,13440,1.095890411,180505,1718.2,115,411,167,244,706558.46,1255685,1962243.46,0,327000
6,5b,FL-505,"Fort Walton Beach/Okaloosa, Walton Counties CoC",130.7637191,1967.87,1014.676053,13770.41659,1.130937024,257326,3415.5,134,401,247,154,574187,0,574187,0,0
6,5b,CA-526,"Amador, Calaveras, Tuolumne and Mariposa Counties CoC",29.00276101,5284.29,1006.562662,12709.14605,1.052190335,153259,2441.1,154,367,259,108,414172.84,-3265.36,410907.48,0,0
6,5b,MI-503,St. Clair Shores/Warren/Macomb County CoC,1793.963107,479.22,884,14273,1.345493967,859703,2043.9,306,354,276,78,138914.15,2634926,2773840.15,0,205831
6,5b,NY-513,"Wayne, Ontario, Seneca, Yates Counties CoC",136.911114,1909.75,761.0587992,14706.5765,1.610319785,261466,1718.2,335,337,254,83,348642,5834295,6182937,0,38346
6,5b,AR-501,Fayetteville/Northwest Arkansas CoC,156.3189988,3253.68,757.2532323,12770.69061,1.405374282,508612,3338,371,330,235,95,25439.37,4526893.59,4552332.96,0,489799
6,5b,IL-507,"Peoria/Perkin/Fulton, Peoria, Tazewell, Woodford CoC",149.3058608,2661.57,711.2800663,13897.77126,1.628258206,397388,2075.9,535,329,240,89,1755087.21,2893734.93,4648822.14,0,4014491
6,5b,OH-508,Canton/Massillon/Alliance/Stark County CoC,651.4540998,575.27,689,12113,1.46504596,374762,2799.1,328,319,147,172,3273521,3586326.55,6859847.55,0,0
6,5b,MI-509,Ann Arbor/Washtenaw County CoC,507.2198535,705.97,980,12932,1.099659864,358082,2043.9,227,302,242,60,5923889.28,2197670.9,8121560.18,0,705455
6,5b,MA-515,Fall River CoC,2684.274072,33.13,829,12107,1.217028548,88930,1857.1,294,297,62,235,1649472,2798392,4447864,0,0
6,5b,IL-501,"Rockford/Winnebago, Boone Counties CoC",431.3822285,794.08,741.5663607,12025.09468,1.351316991,342552,2075.9,293,291,178,113,1590914.15,7849282,9440196.15,0,164970
6,5b,IA-500,"Sioux City/Dakota, Woodbury Counties CoC",117.349312,872.83,693,12569,1.511423761,102426,2093.8,301,288,159,129,-20195.75,4324603,4304407.25,0,0
6,5b,NY-507,Schenectady City & County CoC,757.1142187,204.52,857,13185,1.282088681,154845,1718.2,180,274,171,103,3022412.22,4544179,7566591.22,0,125000
6,5b,MO-602,"Joplin/Jasper, Newton Counties CoC",139.4157926,1263.25,694.6508174,11566.94152,1.387620613,176117,2906.5,341,270,195,75,227316.91,5366743,5594059.91,0,387965
6,5b,VA-502,Roanoke City & County/Salem CoC,170.779165,1629.18,806.6125184,12782.14544,1.320558214,278230,1930.3,490,267,197,70,835191,3698002,4533193,0,0
6,5b,MD-513,Wicomico/Somerset/Worcester County CoC,151.3193755,1430.98,957.1551066,12898.45093,1.122985087,216535,2507.5,218,260,212,48,1256610.86,3103532,4360142.86,0,349622
6,5b,LA-506,Slidell/Southeast Louisiana CoC,168.4225864,3362.91,861.4960239,12282.23654,1.188072473,566390,3458.8,196,248,191,57,908092.93,6530626,7438718.93,0,471996
6,5b,MA-519,Attleboro/Taunton/Bristol County CoC,741.8565114,499.97,829,12107,1.217028548,370906,1857.1,225,234,81,153,580916,38737,619653,0,0
6,5b,IL-513,Springfield/Sangamon County CoC,228.767707,868.3,752,12474,1.38231383,198639,2075.9,276,230,171,59,417428,4833900,5251328,0,185011
6,5b,MI-512,"Grand Traverse, Antrim, Leelanau Counties CoC",82.8088963,1847.06,824.4353037,14401.37854,1.455681086,152953,2043.9,171,228,167,61,360126,4886312,5246438,0,0
6,5b,NY-501,"Elmira/Steuben, Allegany, Livingston, Chemung, Schuyler Counties CoC",83.58201468,3787.31,691.2218347,11861.94299,1.430069479,316551,1718.2,131,226,120,106,1435584,31991,1467575,0,31991
6,5b,FL-602,Punta Gorda/Charlotte County CoC,249.3708473,680.28,905,12250,1.127992634,169642,3415.5,90,222,165,57,83637,360809.22,444446.22,0,376729
6,5b,MN-508,Moorhead/West Central Minnesota CoC,27.82500865,8612.54,675.876884,13221.20929,1.630130379,239644,2297.5,211,215,104,111,789483.69,3812201,4601684.69,0,0
6,5b,MD-512,Hagerstown/Washington County CoC,326.7311809,457.78,869,13826,1.325853471,149571,2507.5,281,208,164,44,234254,6183809,6418063,0,790898
6,5b,WI-502,Racine City & County CoC,586.0842105,332.5,808,14429,1.488139439,194873,2088.3,258,194,139,55,495741.66,1121388,1617129.66,0,759373
6,5b,NY-512,Troy/Rensselaer County CoC,245.1741949,652.43,883,14369,1.356077765,159959,1718.2,139,194,102,92,2741170.66,1097774,3838944.66,0,0
6,5b,MI-515,Monroe City & County CoC,272.9299769,549.39,786,14299,1.51600933,149945,2043.9,205,193,122,71,129387,2952181,3081568,0,236983
6,5b,IL-504,Madison County CoC,372.7871098,715.58,779,12923,1.382434745,266759,2075.9,173,176,51,125,912759.57,1100000,2012759.57,0,0
6,5b,OK-504,Norman/Cleveland County CoC,504.5158416,538.77,848,14204,1.395833333,271818,2990.7,72,174,155,19,370845.61,0,370845.61,0,0
6,5b,NY-522,Jefferson/Lewis/St. Lawrence Counties CoC,49.12312272,5223.65,811.6886696,11517.67909,1.182481198,256602,1718.2,75,169,129,40,1041820.09,3472382,4514202.09,0,0
6,5b,CA-612,Glendale CoC,6595.43514,30.45,1264,12164,0.801951477,200831,1559.3,104,168,72,96,2686357.52,5241895,7928252.52,0,0
6,5b,NY-607,Sullivan County CoC,78.31386281,968.13,862,11585,1.119972931,75818,1718.2,118,167,114,53,0,0,0,0,0
6,5b,NY-518,"Utica/Rome/Oneida, Madison Counties CoC",163.3116796,1867.27,715.7823753,11985.85898,1.395426342,304947,1718.2,201,162,86,76,426214,2707481,3133695,0,517758
6,5b,VA-504,Charlottesville CoC,114.063522,2140.36,1064.003138,14340.63351,1.123166605,244137,1930.3,109,160,119,41,368668,2528158,2896826,0,200000
6,5b,NY-519,Columbia/Greene County CoC,85.756746,1281.87,867.8172639,13514.63644,1.297761349,109929,1718.2,35,144,72,72,328687.57,0,328687.57,0,0
6,5b,MI-511,Lenawee County CoC,131.6429858,749.55,754,12961,1.432471264,98673,2043.9,117,128,59,69,92538,0,92538,0,0
6,5b,NC-513,Chapel Hill/Orange County CoC,351.3091768,397.96,970,12615,1.083762887,139807,2873.1,91,127,100,27,-15224,7815253,7800029,0,0
6,5b,PA-603,Beaver County CoC,389.2365025,434.71,652,13074,1.67101227,169205,1931.7,134,98,34,64,875683.58,261824,1137507.58,0,0
6,5b,IL-519,West Central Illinois CoC,37.94970823,5929.4,594.3828032,11665.32705,1.635495816,225019,2075.9,119,80,49,31,633699,3088339,3722038,0,0
6,5b,NY-504,Cattaragus County CoC,60.00382161,1308.35,616,11898,1.609577922,78506,1718.2,50,34,24,10,498999,2914885,3413884,0,0
6,5b,NJ-512,Salem County CoC,194.3476951,331.9,981,13173,1.119011213,64504,1734.1,33,16,8,8,139618,0,139618,0,0
6,5b,MD-510,Garrett County CoC,45.86153608,647.1,630,11604,1.534920635,29677,2507.5,30,10,4,6,237274,2463324,2700598,0,0
9,5c,TX-607,Texas Balance of State (BoS) CoC,48.64244006,226055.58,829.5293926,12567.95132,1.262558369,10995895,3019.4,4643,7153,4808,2345,5100650.14,142429829.3,147530479.4,0,2312273
9,5c,OR-505,Oregon Balance of State CoC,18.74663846,77847.45,808.0204896,11745.72425,1.211368235,1459378,2879,2575,5795,3902,1893,3073714.97,37318276,40391990.97,0,1415304
9,5c,WA-501,Washington Balance of State CoC,41.14702334,53894.98,894.6809554,12966.66827,1.207755326,2217618,3706.1,4216,4671,2875,1796,6144016.01,52482418,58626434.01,0,2406281
9,5c,CO-500,Colorado Balance of State CoC,17.35209116,97032.57,930.4354346,13766.57133,1.232986444,1683718,2530.1,1748,4019,2568,1451,813325,41990035,42803360,0,661876
9,5c,GA-501,Georgia Balance of State CoC,123.7744141,55293.35,852.3049835,12280.24036,1.20068917,6843902,3281.2,2399,3716,2219,1497,2396404.01,72969686,75366090.01,0,1445932
9,5c,IN-502,Indiana Balance of State CoC,159.6801112,35429.81,754.163001,13466.9983,1.488073343,5657436,2649.4,4392,3655,2340,1315,6762274.71,71410792.21,78173066.92,0,3097509
9,5c,OH-507,Ohio Balance of State CoC,165.6705047,37263.35,730.0263281,13542.4863,1.545890171,6173438,2799.1,3177,3309,1779,1530,14983163.97,71911708.6,86894872.57,0,1160423
9,5c,ME-500,Maine Balance of State CoC,40.94898957,30842.91,789.3172268,12502.75888,1.319997256,1262986,1986.4,2457,2280,1352,928,10017234.66,41218071.36,51235306.02,0,4663098
9,5c,HI-500,Hawaii Balance of State CoC,73.28788418,5821.89,1206.450641,13274.00399,0.916877128,426674,3050,1036,2261,1423,838,0,11981582,11981582,0,441507
9,5c,PA-509,Eastern Pennsylvania CoC,149.1564161,20813.58,811.4382484,13821.04976,1.419398394,3104479,1931.7,2256,2170,1209,961,8860461.6,19449620.16,28310081.76,0,1415024
9,5c,CA-609,San Bernardino City & County CoC,105.0386549,20056.94,1144,12138,0.884178322,2106754,2441.1,757,1866,1432,434,7540076.84,8040892,15580968.84,0,487477
9,5c,IA-501,Iowa Balance of State CoC,45.8767875,53443.28,678.4339687,13496.07816,1.657748922,2451806,2093.8,2295,1792,807,985,4365631.38,23702550,28068181.38,0,2512326
9,5c,MT-500,Montana Statewide CoC,7.031403732,145545.76,724.5333524,12193.98091,1.402509729,1023391,2472.9,1290,1529,987,542,2524292.54,45537112.61,48061405.15,0,4022280
9,5c,MI-500,Michigan Balance of State CoC,58.36619777,40991.62,681.1595298,11761.79349,1.438942589,2392525,2043.9,1451,1465,784,681,578026.22,33864289,34442315.22,0,944465
9,5c,MO-606,Missouri Balance of State CoC,46.94834248,61595.87,690.239665,12049.82661,1.454787762,2891824,2906.5,1545,1244,751,493,14717160.84,46765640,61482800.84,0,1704196
9,5c,ID-501,Idaho Balance of State,14.82628628,81590.56,727.6078938,12118.93299,1.387988079,1209685,1854.8,920,1204,638,566,0,43830116,43830116,0,786441
9,5c,ND-500,North Dakota Statewide CoC,10.66889389,69000.78,729.6724457,14475.40849,1.653185683,736162,2110.3,1034,1089,832,257,1749347.5,12327524,14076871.5,0,2226077
9,5c,KS-507,Kansas Balance of State CoC,18.56085377,79592.19,700.0726745,12658.54611,1.506813337,1477299,2735.2,1264,1037,608,429,1941552.79,26061560,28003112.79,0,237400
9,5c,DE-500,Delaware Statewide CoC,479.6874599,1948.55,1031.665392,14608.12533,1.179979271,934695,2982,1143,994,615,379,8295075,15174501,23469576,0,1761920
9,5c,SD-500,South Dakota Statewide CoC,11.22604603,75811.02,667.157491,13796.57792,1.723303481,851058,1863.9,1356,943,611,332,1188203.13,19505772.78,20693975.91,0,2575011
9,5c,VT-500,Vermont Balance of State CoC,53.65601048,8680.09,842.1960261,13405.68729,1.326461504,465739,1524.4,671,934,500,434,2671935.03,14878448.51,17550383.54,0,667343
9,5c,PA-601,Western Pennsylvania CoC,113.7675964,15230.4,654.6892832,12515.6955,1.593083394,1732726,1931.7,1187,837,531,306,8699752.32,21257077,29956829.32,0,711316
9,5c,OR-503,Central Oregon CoC,27.57139955,7778.06,942.7437375,13021.30621,1.151011465,214452,2879,272,778,494,284,515061.58,7819804,8334865.58,0,618249
9,5c,NE-500,Nebraska Balance of State CoC,11.62150311,76167.6,644.9691216,13588.3844,1.755689271,885182,2523.5,657,506,276,230,1599708.42,8737864,10337572.42,0,200000
9,5c,IL-512,Bloomington/Central Illinois CoC,69.13776139,7713.99,732.925618,12659.91449,1.439426933,533328,2075.9,373,433,253,180,2267393.35,3705847,5973240.35,0,1033758
9,5c,OK-503,Oklahoma Balance of State CoC,22.17073178,20139.66,731.5472542,14005.67066,1.595439276,446511,2990.7,145,432,151,281,388766.53,6056565,6445331.53,0,574816
9,5c,OK-505,Northeast Oklahoma CoC,68.62178962,6840.32,697.9675774,11860.08736,1.41602654,469395,2990.7,391,377,209,168,364564,6533206,6897770,0,0
9,5c,NY-511,"Binghamton, Union/Broome, Otsego, Chenango, Delaware, Cortland, Tioga Counties C",89.41001656,5060.82,703.9879577,11648.15714,1.378830065,452488,1718.2,273,308,271,37,1216018.01,3133053,4349071.01,0,2613838
9,5c,MN-506,Northwest Minnesota CoC,11.56410053,14723.67,628.5933657,12617.96397,1.672777752,170266,2297.5,298,288,103,185,613614.08,1316726,1930340.08,0,344726
9,5c,IL-518,Rock Island/Moline/Northwestern Illinois CoC,72.22230727,9145.54,654.1486786,12560.68229,1.600130916,660512,2075.9,334,243,132,111,570938.26,3908322,4479260.26,0,473189
9,5c,NV-502,Nevada Balance of State CoC,3.442975782,95587.37,846.4441197,14159.03978,1.393972684,329105,2625.4,199,237,180,57,652670.49,117320.49,769990.98,0,0
9,5c,MN-511,Southwest Minnesota CoC,23.04104532,12064.47,638.8403111,13855.12536,1.807327684,277978,2297.5,119,108,43,65,709369.9,-27160,682209.9,0,0
9,5c,IL-515,South Central Illinois CoC,42.33771029,9534.03,605.495646,12044.92028,1.65772184,403649,2075.9,102,108,44,64,902088,2172627,3074715,0,0
9,5c,MN-504,Northeast Minnesota CoC,10.43790153,12016.4,663.1366144,12319.74061,1.548165233,125426,2297.5,74,99,63,36,98515.05,1828310,1926825.05,0,0